"COD_HDA_8","LAT","LON","Notas","Fecha_Georref"
"CC000112",NA,NA,NA,NA
"CA011132",NA,NA,NA,NA
"CA012390",NA,NA,NA,NA
"CC000503",NA,NA,NA,NA
"CC000962",NA,NA,NA,NA
"CC000506",NA,NA,NA,NA
"CC000316",NA,NA,NA,NA
"CC000522",NA,NA,NA,NA
"PC002244",NA,NA,NA,NA
"CA010850",NA,NA,NA,NA
"CA011352",NA,NA,NA,NA
"CA011952",NA,NA,NA,NA
"CC000290",NA,NA,NA,NA
"CC000716",NA,NA,NA,NA
"CA011396",NA,NA,NA,NA
"CA012032",NA,NA,NA,NA
"CB000F66",NA,NA,NA,NA
"CC000487",NA,NA,NA,NA
"CA010988",NA,NA,NA,NA
"CA011810",NA,NA,NA,NA
"CA011899",NA,NA,NA,NA
"CA011982",NA,NA,NA,NA
"CA012588",NA,NA,NA,NA
"CA012620",NA,NA,NA,NA
"CC000288",NA,NA,NA,NA
"CC000315",NA,NA,NA,NA
"PC002494",NA,NA,NA,NA
"CA012344",NA,NA,NA,NA
"CA012712",NA,NA,NA,NA
"CC000076",NA,NA,NA,NA
"CC000096",NA,NA,NA,NA
"CC000286",NA,NA,NA,NA
"CC000289",NA,NA,NA,NA
"PR080514",NA,NA,NA,NA
"PR082542",NA,NA,NA,NA
"CA010054",NA,NA,NA,NA
"CA010827",NA,NA,NA,NA
"CA010851",NA,NA,NA,NA
"CA011157",NA,NA,NA,NA
"CA011673",NA,NA,NA,NA
"CA011805",NA,NA,NA,NA
"CA011889",NA,NA,NA,NA
"CA011973",NA,NA,NA,NA
"CA012476",NA,NA,NA,NA
"CA012491",NA,NA,NA,NA
"CA012511",NA,NA,NA,NA
"CA012785",NA,NA,NA,NA
"CC000283",NA,NA,NA,NA
"CC000319",NA,NA,NA,NA
"CC000489",NA,NA,NA,NA
"CC000493",NA,NA,NA,NA
"CC000495",NA,NA,NA,NA
"CC000549",NA,NA,NA,NA
"MN000440",NA,NA,NA,NA
"CA010001",NA,NA,NA,NA
"CA010502",NA,NA,NA,NA
"CA010828",NA,NA,NA,NA
"CA011880",NA,NA,NA,NA
"CA012426",NA,NA,NA,NA
"CA012441",NA,NA,NA,NA
"CA012447",NA,NA,NA,NA
"CA012483",NA,NA,NA,NA
"CA012494",NA,NA,NA,NA
"CA012519",NA,NA,NA,NA
"CB000H83",NA,NA,NA,NA
"CB000L44",NA,NA,NA,NA
"CC000078",NA,NA,NA,NA
"CC000317",NA,NA,NA,NA
"PC002496",NA,NA,NA,NA
"PR081586",NA,NA,NA,NA
"PR082551",NA,NA,NA,NA
"CA010863",NA,NA,NA,NA
"CA010866",NA,NA,NA,NA
"CA010884",NA,NA,NA,NA
"CA011220",NA,NA,NA,NA
"CA011422",NA,NA,NA,NA
"CA011429",NA,NA,NA,NA
"CA011542",NA,NA,NA,NA
"CA011639",NA,NA,NA,NA
"CA011671",NA,NA,NA,NA
"CA011861",NA,NA,NA,NA
"CA011908",NA,NA,NA,NA
"CA011957",NA,NA,NA,NA
"CA011971",NA,NA,NA,NA
"CA012039",NA,NA,NA,NA
"CA012356",NA,NA,NA,NA
"CA012366",NA,NA,NA,NA
"CA012484",NA,NA,NA,NA
"CA012539",NA,NA,NA,NA
"CA012578",NA,NA,NA,NA
"CA012598",NA,NA,NA,NA
"CA012625",NA,NA,NA,NA
"CA012653",NA,NA,NA,NA
"CA012843",NA,NA,NA,NA
"CB000G40",NA,NA,NA,NA
"CB000H82",NA,NA,NA,NA
"CB000H85",NA,NA,NA,NA
"CC000028",NA,NA,NA,NA
"CC000127",NA,NA,NA,NA
"CC000143",NA,NA,NA,NA
"CC000217",NA,NA,NA,NA
"CC000257",NA,NA,NA,NA
"CC000270",NA,NA,NA,NA
"CC000280",NA,NA,NA,NA
"CC000449",NA,NA,NA,NA
"CC000451",NA,NA,NA,NA
"CC000474",NA,NA,NA,NA
"CC000773",NA,NA,NA,NA
"MN000339",NA,NA,NA,NA
"MN000521",NA,NA,NA,NA
"PC002433",NA,NA,NA,NA
"PR081585",NA,NA,NA,NA
"PR081606",NA,NA,NA,NA
"PR082566",NA,NA,NA,NA
"CA010040",NA,NA,NA,NA
"CA010072",NA,NA,NA,NA
"CA010087",NA,NA,NA,NA
"CA010254",NA,NA,NA,NA
"CA010294",NA,NA,NA,NA
"CA010357",NA,NA,NA,NA
"CA010392",NA,NA,NA,NA
"CA010489",NA,NA,NA,NA
"CA010799",NA,NA,NA,NA
"CA010876",NA,NA,NA,NA
"CA010883",NA,NA,NA,NA
"CA010888",NA,NA,NA,NA
"CA011118",NA,NA,NA,NA
"CA011222",NA,NA,NA,NA
"CA011255",NA,NA,NA,NA
"CA011511",NA,NA,NA,NA
"CA011636",NA,NA,NA,NA
"CA011674",NA,NA,NA,NA
"CA011731",NA,NA,NA,NA
"CA011766",NA,NA,NA,NA
"CA011835",NA,NA,NA,NA
"CA011887",NA,NA,NA,NA
"CA011972",NA,NA,NA,NA
"CA012069",NA,NA,NA,NA
"CA012077",NA,NA,NA,NA
"CA012104",NA,NA,NA,NA
"CA012127",NA,NA,NA,NA
"CA012248",NA,NA,NA,NA
"CA012329",NA,NA,NA,NA
"CA012335",NA,NA,NA,NA
"CA012358",NA,NA,NA,NA
"CA012396",NA,NA,NA,NA
"CA012416",NA,NA,NA,NA
"CA012422",NA,NA,NA,NA
"CA012423",NA,NA,NA,NA
"CA012427",NA,NA,NA,NA
"CA012428",NA,NA,NA,NA
"CA012493",NA,NA,NA,NA
"CA012496",NA,NA,NA,NA
"CA012500",NA,NA,NA,NA
"CA012522",NA,NA,NA,NA
"CA012523",NA,NA,NA,NA
"CA012528",NA,NA,NA,NA
"CA012538",NA,NA,NA,NA
"CA012540",NA,NA,NA,NA
"CA012550",NA,NA,NA,NA
"CA012600",NA,NA,NA,NA
"CA012604",NA,NA,NA,NA
"CA012617",NA,NA,NA,NA
"CA012635",NA,NA,NA,NA
"CA012674",NA,NA,NA,NA
"CA012677",NA,NA,NA,NA
"CA012679",NA,NA,NA,NA
"CA012689",NA,NA,NA,NA
"CA012856",NA,NA,NA,NA
"CA012863",NA,NA,NA,NA
"CA012864",NA,NA,NA,NA
"CB000792",NA,NA,NA,NA
"CB000A57",NA,NA,NA,NA
"CB000C82",NA,NA,NA,NA
"CB000E68",NA,NA,NA,NA
"CB000E91",NA,NA,NA,NA
"CB000F31",NA,NA,NA,NA
"CB000F93",NA,NA,NA,NA
"CB000G48",NA,NA,NA,NA
"CB000H11",NA,NA,NA,NA
"CB000H80",NA,NA,NA,NA
"CB000H84",NA,NA,NA,NA
"CB000K10",NA,NA,NA,NA
"CB000M01",NA,NA,NA,NA
"CC000024",NA,NA,NA,NA
"CC000052",NA,NA,NA,NA
"CC000057",NA,NA,NA,NA
"CC000065",NA,NA,NA,NA
"CC000074",NA,NA,NA,NA
"CC000118",NA,NA,NA,NA
"CC000123",NA,NA,NA,NA
"CC000125",NA,NA,NA,NA
"CC000130",NA,NA,NA,NA
"CC000133",NA,NA,NA,NA
"CC000139",NA,NA,NA,NA
"CC000140",NA,NA,NA,NA
"CC000147",NA,NA,NA,NA
"CC000151",NA,NA,NA,NA
"CC000154",NA,NA,NA,NA
"CC000246",NA,NA,NA,NA
"CC000258",NA,NA,NA,NA
"CC000267",NA,NA,NA,NA
"CC000281",NA,NA,NA,NA
"CC000300",NA,NA,NA,NA
"CC000462",NA,NA,NA,NA
"CC000554",NA,NA,NA,NA
"CC000580",NA,NA,NA,NA
"CC000587",NA,NA,NA,NA
"CC000588",NA,NA,NA,NA
"CC000593",NA,NA,NA,NA
"CC000594",NA,NA,NA,NA
"CC000666",NA,NA,NA,NA
"CC000677",NA,NA,NA,NA
"CC000901",NA,NA,NA,NA
"MN000524",NA,NA,NA,NA
"MN000941",NA,NA,NA,NA
"MN000962",NA,NA,NA,NA
"MN000965",NA,NA,NA,NA
"PR081298",NA,NA,NA,NA
"PR081573",NA,NA,NA,NA
"PR081590",NA,NA,NA,NA
"PR081598",NA,NA,NA,NA
"PR081599",NA,NA,NA,NA
"PR081687",NA,NA,NA,NA
"PR081709",NA,NA,NA,NA
"PR081713",NA,NA,NA,NA
"PR081749",NA,NA,NA,NA
"PR082545",NA,NA,NA,NA
"CA010006",NA,NA,"Detectado en reportes sin geometría catastral","2026-06-03"
"CA010007",NA,NA,"Detectado en reportes sin geometría catastral","2026-06-03"
"CA010044",NA,NA,"Detectado en reportes sin geometría catastral","2026-06-03"
"CA010048",NA,NA,"Detectado en reportes sin geometría catastral","2026-06-03"
"CA010053",NA,NA,"Detectado en reportes sin geometría catastral","2026-06-03"
"CA010056",NA,NA,"Detectado en reportes sin geometría catastral","2026-06-03"
"CA010067",NA,NA,"Detectado en reportes sin geometría catastral","2026-06-03"
"CA010074",NA,NA,"Detectado en reportes sin geometría catastral","2026-06-03"
"CA010086",NA,NA,"Detectado en reportes sin geometría catastral","2026-06-03"
"CA010093",NA,NA,"Detectado en reportes sin geometría catastral","2026-06-03"
"CA010117",NA,NA,"Detectado en reportes sin geometría catastral","2026-06-03"
"CA010140",NA,NA,"Detectado en reportes sin geometría catastral","2026-06-03"
"CA010160",NA,NA,"Detectado en reportes sin geometría catastral","2026-06-03"
"CA010165",NA,NA,"Detectado en reportes sin geometría catastral","2026-06-03"
"CA010188",NA,NA,"Detectado en reportes sin geometría catastral","2026-06-03"
"CA010192",NA,NA,"Detectado en reportes sin geometría catastral","2026-06-03"
"CA010204",NA,NA,"Detectado en reportes sin geometría catastral","2026-06-03"
"CA010217",NA,NA,"Detectado en reportes sin geometría catastral","2026-06-03"
"CA010225",NA,NA,"Detectado en reportes sin geometría catastral","2026-06-03"
"CA010226",NA,NA,"Detectado en reportes sin geometría catastral","2026-06-03"
"CA010227",NA,NA,"Detectado en reportes sin geometría catastral","2026-06-03"
"CA010249",NA,NA,"Detectado en reportes sin geometría catastral","2026-06-03"
"CA010272",NA,NA,"Detectado en reportes sin geometría catastral","2026-06-03"
"CA010273",NA,NA,"Detectado en reportes sin geometría catastral","2026-06-03"
"CA010287",NA,NA,"Detectado en reportes sin geometría catastral","2026-06-03"
"CA010288",NA,NA,"Detectado en reportes sin geometría catastral","2026-06-03"
"CA010317",NA,NA,"Detectado en reportes sin geometría catastral","2026-06-03"
"CA010321",NA,NA,"Detectado en reportes sin geometría catastral","2026-06-03"
"CA010385",NA,NA,"Detectado en reportes sin geometría catastral","2026-06-03"
"CA010417",NA,NA,"Detectado en reportes sin geometría catastral","2026-06-03"
"CA010432",NA,NA,"Detectado en reportes sin geometría catastral","2026-06-03"
"CA010435",NA,NA,"Detectado en reportes sin geometría catastral","2026-06-03"
"CA010523",NA,NA,"Detectado en reportes sin geometría catastral","2026-06-03"
"CA010553",NA,NA,"Detectado en reportes sin geometría catastral","2026-06-03"
"CA010593",NA,NA,"Detectado en reportes sin geometría catastral","2026-06-03"
"CA010603",NA,NA,"Detectado en reportes sin geometría catastral","2026-06-03"
"CA010619",NA,NA,"Detectado en reportes sin geometría catastral","2026-06-03"
"CA010687",NA,NA,"Detectado en reportes sin geometría catastral","2026-06-03"
"CA010708",NA,NA,"Detectado en reportes sin geometría catastral","2026-06-03"
"CA010759",NA,NA,"Detectado en reportes sin geometría catastral","2026-06-03"
"CA010778",NA,NA,"Detectado en reportes sin geometría catastral","2026-06-03"
"CA010789",NA,NA,"Detectado en reportes sin geometría catastral","2026-06-03"
"CA010806",NA,NA,"Detectado en reportes sin geometría catastral","2026-06-03"
"CA010817",NA,NA,"Detectado en reportes sin geometría catastral","2026-06-03"
"CA010846",NA,NA,"Detectado en reportes sin geometría catastral","2026-06-03"
"CA010847",NA,NA,"Detectado en reportes sin geometría catastral","2026-06-03"
"CA010923",NA,NA,"Detectado en reportes sin geometría catastral","2026-06-03"
"CA010928",NA,NA,"Detectado en reportes sin geometría catastral","2026-06-03"
"CA011003",NA,NA,"Detectado en reportes sin geometría catastral","2026-06-03"
"CA011007",NA,NA,"Detectado en reportes sin geometría catastral","2026-06-03"
"CA011017",NA,NA,"Detectado en reportes sin geometría catastral","2026-06-03"
"CA011047",NA,NA,"Detectado en reportes sin geometría catastral","2026-06-03"
"CA011053",NA,NA,"Detectado en reportes sin geometría catastral","2026-06-03"
"CA011054",NA,NA,"Detectado en reportes sin geometría catastral","2026-06-03"
"CA011055",NA,NA,"Detectado en reportes sin geometría catastral","2026-06-03"
"CA011057",NA,NA,"Detectado en reportes sin geometría catastral","2026-06-03"
"CA011095",NA,NA,"Detectado en reportes sin geometría catastral","2026-06-03"
"CA011123",NA,NA,"Detectado en reportes sin geometría catastral","2026-06-03"
"CA011160",NA,NA,"Detectado en reportes sin geometría catastral","2026-06-03"
"CA011172",NA,NA,"Detectado en reportes sin geometría catastral","2026-06-03"
"CA011223",NA,NA,"Detectado en reportes sin geometría catastral","2026-06-03"
"CA011321",NA,NA,"Detectado en reportes sin geometría catastral","2026-06-03"
"CA011377",NA,NA,"Detectado en reportes sin geometría catastral","2026-06-03"
"CA011379",NA,NA,"Detectado en reportes sin geometría catastral","2026-06-03"
"CA011419",NA,NA,"Detectado en reportes sin geometría catastral","2026-06-03"
"CA011439",NA,NA,"Detectado en reportes sin geometría catastral","2026-06-03"
"CA011473",NA,NA,"Detectado en reportes sin geometría catastral","2026-06-03"
"CA011494",NA,NA,"Detectado en reportes sin geometría catastral","2026-06-03"
"CA011501",NA,NA,"Detectado en reportes sin geometría catastral","2026-06-03"
"CA011547",NA,NA,"Detectado en reportes sin geometría catastral","2026-06-03"
"CA011550",NA,NA,"Detectado en reportes sin geometría catastral","2026-06-03"
"CA011574",NA,NA,"Detectado en reportes sin geometría catastral","2026-06-03"
"CA011594",NA,NA,"Detectado en reportes sin geometría catastral","2026-06-03"
"CA011595",NA,NA,"Detectado en reportes sin geometría catastral","2026-06-03"
"CA011613",NA,NA,"Detectado en reportes sin geometría catastral","2026-06-03"
"CA011645",NA,NA,"Detectado en reportes sin geometría catastral","2026-06-03"
"CA011658",NA,NA,"Detectado en reportes sin geometría catastral","2026-06-03"
"CA011676",NA,NA,"Detectado en reportes sin geometría catastral","2026-06-03"
"CA011685",NA,NA,"Detectado en reportes sin geometría catastral","2026-06-03"
"CA011732",NA,NA,"Detectado en reportes sin geometría catastral","2026-06-03"
"CA011749",NA,NA,"Detectado en reportes sin geometría catastral","2026-06-03"
"CA011806",NA,NA,"Detectado en reportes sin geometría catastral","2026-06-03"
"CA011808",NA,NA,"Detectado en reportes sin geometría catastral","2026-06-03"
"CA011809",NA,NA,"Detectado en reportes sin geometría catastral","2026-06-03"
"CA011827",NA,NA,"Detectado en reportes sin geometría catastral","2026-06-03"
"CA011834",NA,NA,"Detectado en reportes sin geometría catastral","2026-06-03"
"CA011842",NA,NA,"Detectado en reportes sin geometría catastral","2026-06-03"
"CA011843",NA,NA,"Detectado en reportes sin geometría catastral","2026-06-03"
"CA011852",NA,NA,"Detectado en reportes sin geometría catastral","2026-06-03"
"CA011862",NA,NA,"Detectado en reportes sin geometría catastral","2026-06-03"
"CA011864",NA,NA,"Detectado en reportes sin geometría catastral","2026-06-03"
"CA011901",NA,NA,"Detectado en reportes sin geometría catastral","2026-06-03"
"CA011920",NA,NA,"Detectado en reportes sin geometría catastral","2026-06-03"
"CA011923",NA,NA,"Detectado en reportes sin geometría catastral","2026-06-03"
"CA011950",NA,NA,"Detectado en reportes sin geometría catastral","2026-06-03"
"CA011974",NA,NA,"Detectado en reportes sin geometría catastral","2026-06-03"
"CA011983",NA,NA,"Detectado en reportes sin geometría catastral","2026-06-03"
"CA011987",NA,NA,"Detectado en reportes sin geometría catastral","2026-06-03"
"CA011990",NA,NA,"Detectado en reportes sin geometría catastral","2026-06-03"
"CA012000",NA,NA,"Detectado en reportes sin geometría catastral","2026-06-03"
"CA012003",NA,NA,"Detectado en reportes sin geometría catastral","2026-06-03"
"CA012074",NA,NA,"Detectado en reportes sin geometría catastral","2026-06-03"
"CA012083",NA,NA,"Detectado en reportes sin geometría catastral","2026-06-03"
"CA012099",NA,NA,"Detectado en reportes sin geometría catastral","2026-06-03"
"CA012116",NA,NA,"Detectado en reportes sin geometría catastral","2026-06-03"
"CA012119",NA,NA,"Detectado en reportes sin geometría catastral","2026-06-03"
"CA012165",NA,NA,"Detectado en reportes sin geometría catastral","2026-06-03"
"CA012175",NA,NA,"Detectado en reportes sin geometría catastral","2026-06-03"
"CA012243",NA,NA,"Detectado en reportes sin geometría catastral","2026-06-03"
"CA012304",NA,NA,"Detectado en reportes sin geometría catastral","2026-06-03"
"CA012339",NA,NA,"Detectado en reportes sin geometría catastral","2026-06-03"
"CA012349",NA,NA,"Detectado en reportes sin geometría catastral","2026-06-03"
"CA012364",NA,NA,"Detectado en reportes sin geometría catastral","2026-06-03"
"CA012394",NA,NA,"Detectado en reportes sin geometría catastral","2026-06-03"
"CA012438",NA,NA,"Detectado en reportes sin geometría catastral","2026-06-03"
"CA012443",NA,NA,"Detectado en reportes sin geometría catastral","2026-06-03"
"CA012448",NA,NA,"Detectado en reportes sin geometría catastral","2026-06-03"
"CA012474",NA,NA,"Detectado en reportes sin geometría catastral","2026-06-03"
"CA012497",NA,NA,"Detectado en reportes sin geometría catastral","2026-06-03"
"CA012498",NA,NA,"Detectado en reportes sin geometría catastral","2026-06-03"
"CA012501",NA,NA,"Detectado en reportes sin geometría catastral","2026-06-03"
"CA012502",NA,NA,"Detectado en reportes sin geometría catastral","2026-06-03"
"CA012512",NA,NA,"Detectado en reportes sin geometría catastral","2026-06-03"
"CA012514",NA,NA,"Detectado en reportes sin geometría catastral","2026-06-03"
"CA012516",NA,NA,"Detectado en reportes sin geometría catastral","2026-06-03"
"CA012531",NA,NA,"Detectado en reportes sin geometría catastral","2026-06-03"
"CA012533",NA,NA,"Detectado en reportes sin geometría catastral","2026-06-03"
"CA012536",NA,NA,"Detectado en reportes sin geometría catastral","2026-06-03"
"CA012552",NA,NA,"Detectado en reportes sin geometría catastral","2026-06-03"
"CA012554",NA,NA,"Detectado en reportes sin geometría catastral","2026-06-03"
"CA012593",NA,NA,"Detectado en reportes sin geometría catastral","2026-06-03"
"CA012597",NA,NA,"Detectado en reportes sin geometría catastral","2026-06-03"
"CA012599",NA,NA,"Detectado en reportes sin geometría catastral","2026-06-03"
"CA012612",NA,NA,"Detectado en reportes sin geometría catastral","2026-06-03"
"CA012615",NA,NA,"Detectado en reportes sin geometría catastral","2026-06-03"
"CA012642",NA,NA,"Detectado en reportes sin geometría catastral","2026-06-03"
"CA012660",NA,NA,"Detectado en reportes sin geometría catastral","2026-06-03"
"CA012662",NA,NA,"Detectado en reportes sin geometría catastral","2026-06-03"
"CA012678",NA,NA,"Detectado en reportes sin geometría catastral","2026-06-03"
"CA012692",NA,NA,"Detectado en reportes sin geometría catastral","2026-06-03"
"CA012699",NA,NA,"Detectado en reportes sin geometría catastral","2026-06-03"
"CA012700",NA,NA,"Detectado en reportes sin geometría catastral","2026-06-03"
"CA012702",NA,NA,"Detectado en reportes sin geometría catastral","2026-06-03"
"CA012703",NA,NA,"Detectado en reportes sin geometría catastral","2026-06-03"
"CA012738",NA,NA,"Detectado en reportes sin geometría catastral","2026-06-03"
"CA012838",NA,NA,"Detectado en reportes sin geometría catastral","2026-06-03"
"CA012866",NA,NA,"Detectado en reportes sin geometría catastral","2026-06-03"
"CA012867",NA,NA,"Detectado en reportes sin geometría catastral","2026-06-03"
"CB000001",NA,NA,"Detectado en reportes sin geometría catastral","2026-06-03"
"CB000002",NA,NA,"Detectado en reportes sin geometría catastral","2026-06-03"
"CB000003",NA,NA,"Detectado en reportes sin geometría catastral","2026-06-03"
"CB000010",NA,NA,"Detectado en reportes sin geometría catastral","2026-06-03"
"CB000011",NA,NA,"Detectado en reportes sin geometría catastral","2026-06-03"
"CB000012",NA,NA,"Detectado en reportes sin geometría catastral","2026-06-03"
"CB000013",NA,NA,"Detectado en reportes sin geometría catastral","2026-06-03"
"CB000015",NA,NA,"Detectado en reportes sin geometría catastral","2026-06-03"
"CB000016",NA,NA,"Detectado en reportes sin geometría catastral","2026-06-03"
"CB000018",NA,NA,"Detectado en reportes sin geometría catastral","2026-06-03"
"CB000023",NA,NA,"Detectado en reportes sin geometría catastral","2026-06-03"
"CB000032",NA,NA,"Detectado en reportes sin geometría catastral","2026-06-03"
"CB000049",NA,NA,"Detectado en reportes sin geometría catastral","2026-06-03"
"CB000051",NA,NA,"Detectado en reportes sin geometría catastral","2026-06-03"
"CB000055",NA,NA,"Detectado en reportes sin geometría catastral","2026-06-03"
"CB000067",NA,NA,"Detectado en reportes sin geometría catastral","2026-06-03"
"CB000073",NA,NA,"Detectado en reportes sin geometría catastral","2026-06-03"
"CB000114",NA,NA,"Detectado en reportes sin geometría catastral","2026-06-03"
"CB000119",NA,NA,"Detectado en reportes sin geometría catastral","2026-06-03"
"CB000122",NA,NA,"Detectado en reportes sin geometría catastral","2026-06-03"
"CB000125",NA,NA,"Detectado en reportes sin geometría catastral","2026-06-03"
"CB000127",NA,NA,"Detectado en reportes sin geometría catastral","2026-06-03"
"CB000136",NA,NA,"Detectado en reportes sin geometría catastral","2026-06-03"
"CB000141",NA,NA,"Detectado en reportes sin geometría catastral","2026-06-03"
"CB000142",NA,NA,"Detectado en reportes sin geometría catastral","2026-06-03"
"CB000143",NA,NA,"Detectado en reportes sin geometría catastral","2026-06-03"
"CB000191",NA,NA,"Detectado en reportes sin geometría catastral","2026-06-03"
"CB000205",NA,NA,"Detectado en reportes sin geometría catastral","2026-06-03"
"CB000219",NA,NA,"Detectado en reportes sin geometría catastral","2026-06-03"
"CB000221",NA,NA,"Detectado en reportes sin geometría catastral","2026-06-03"
"CB000239",NA,NA,"Detectado en reportes sin geometría catastral","2026-06-03"
"CB000242",NA,NA,"Detectado en reportes sin geometría catastral","2026-06-03"
"CB000243",NA,NA,"Detectado en reportes sin geometría catastral","2026-06-03"
"CB000249",NA,NA,"Detectado en reportes sin geometría catastral","2026-06-03"
"CB000265",NA,NA,"Detectado en reportes sin geometría catastral","2026-06-03"
"CB000317",NA,NA,"Detectado en reportes sin geometría catastral","2026-06-03"
"CB000323",NA,NA,"Detectado en reportes sin geometría catastral","2026-06-03"
"CB000328",NA,NA,"Detectado en reportes sin geometría catastral","2026-06-03"
"CB000353",NA,NA,"Detectado en reportes sin geometría catastral","2026-06-03"
"CB000365",NA,NA,"Detectado en reportes sin geometría catastral","2026-06-03"
"CB000366",NA,NA,"Detectado en reportes sin geometría catastral","2026-06-03"
"CB000370",NA,NA,"Detectado en reportes sin geometría catastral","2026-06-03"
"CB000378",NA,NA,"Detectado en reportes sin geometría catastral","2026-06-03"
"CB000407",NA,NA,"Detectado en reportes sin geometría catastral","2026-06-03"
"CB000410",NA,NA,"Detectado en reportes sin geometría catastral","2026-06-03"
"CB000412",NA,NA,"Detectado en reportes sin geometría catastral","2026-06-03"
"CB000421",NA,NA,"Detectado en reportes sin geometría catastral","2026-06-03"
"CB000441",NA,NA,"Detectado en reportes sin geometría catastral","2026-06-03"
"CB000464",NA,NA,"Detectado en reportes sin geometría catastral","2026-06-03"
"CB000485",NA,NA,"Detectado en reportes sin geometría catastral","2026-06-03"
"CB000496",NA,NA,"Detectado en reportes sin geometría catastral","2026-06-03"
"CB000501",NA,NA,"Detectado en reportes sin geometría catastral","2026-06-03"
"CB000515",NA,NA,"Detectado en reportes sin geometría catastral","2026-06-03"
"CB000522",NA,NA,"Detectado en reportes sin geometría catastral","2026-06-03"
"CB000523",NA,NA,"Detectado en reportes sin geometría catastral","2026-06-03"
"CB000524",NA,NA,"Detectado en reportes sin geometría catastral","2026-06-03"
"CB000525",NA,NA,"Detectado en reportes sin geometría catastral","2026-06-03"
"CB000526",NA,NA,"Detectado en reportes sin geometría catastral","2026-06-03"
"CB000532",NA,NA,"Detectado en reportes sin geometría catastral","2026-06-03"
"CB000533",NA,NA,"Detectado en reportes sin geometría catastral","2026-06-03"
"CB000534",NA,NA,"Detectado en reportes sin geometría catastral","2026-06-03"
"CB000538",NA,NA,"Detectado en reportes sin geometría catastral","2026-06-03"
"CB000540",NA,NA,"Detectado en reportes sin geometría catastral","2026-06-03"
"CB000544",NA,NA,"Detectado en reportes sin geometría catastral","2026-06-03"
"CB000545",NA,NA,"Detectado en reportes sin geometría catastral","2026-06-03"
"CB000561",NA,NA,"Detectado en reportes sin geometría catastral","2026-06-03"
"CB000563",NA,NA,"Detectado en reportes sin geometría catastral","2026-06-03"
"CB000564",NA,NA,"Detectado en reportes sin geometría catastral","2026-06-03"
"CB000594",NA,NA,"Detectado en reportes sin geometría catastral","2026-06-03"
"CB000612",NA,NA,"Detectado en reportes sin geometría catastral","2026-06-03"
"CB000632",NA,NA,"Detectado en reportes sin geometría catastral","2026-06-03"
"CB000638",NA,NA,"Detectado en reportes sin geometría catastral","2026-06-03"
"CB000645",NA,NA,"Detectado en reportes sin geometría catastral","2026-06-03"
"CB000653",NA,NA,"Detectado en reportes sin geometría catastral","2026-06-03"
"CB000668",NA,NA,"Detectado en reportes sin geometría catastral","2026-06-03"
"CB000679",NA,NA,"Detectado en reportes sin geometría catastral","2026-06-03"
"CB000681",NA,NA,"Detectado en reportes sin geometría catastral","2026-06-03"
"CB000683",NA,NA,"Detectado en reportes sin geometría catastral","2026-06-03"
"CB000699",NA,NA,"Detectado en reportes sin geometría catastral","2026-06-03"
"CB000701",NA,NA,"Detectado en reportes sin geometría catastral","2026-06-03"
"CB000722",NA,NA,"Detectado en reportes sin geometría catastral","2026-06-03"
"CB000723",NA,NA,"Detectado en reportes sin geometría catastral","2026-06-03"
"CB000731",NA,NA,"Detectado en reportes sin geometría catastral","2026-06-03"
"CB000829",NA,NA,"Detectado en reportes sin geometría catastral","2026-06-03"
"CB000833",NA,NA,"Detectado en reportes sin geometría catastral","2026-06-03"
"CB000835",NA,NA,"Detectado en reportes sin geometría catastral","2026-06-03"
"CB000837",NA,NA,"Detectado en reportes sin geometría catastral","2026-06-03"
"CB000858",NA,NA,"Detectado en reportes sin geometría catastral","2026-06-03"
"CB000860",NA,NA,"Detectado en reportes sin geometría catastral","2026-06-03"
"CB000863",NA,NA,"Detectado en reportes sin geometría catastral","2026-06-03"
"CB000864",NA,NA,"Detectado en reportes sin geometría catastral","2026-06-03"
"CB000870",NA,NA,"Detectado en reportes sin geometría catastral","2026-06-03"
"CB000883",NA,NA,"Detectado en reportes sin geometría catastral","2026-06-03"
"CB000887",NA,NA,"Detectado en reportes sin geometría catastral","2026-06-03"
"CB000894",NA,NA,"Detectado en reportes sin geometría catastral","2026-06-03"
"CB000897",NA,NA,"Detectado en reportes sin geometría catastral","2026-06-03"
"CB000901",NA,NA,"Detectado en reportes sin geometría catastral","2026-06-03"
"CB000933",NA,NA,"Detectado en reportes sin geometría catastral","2026-06-03"
"CB000953",NA,NA,"Detectado en reportes sin geometría catastral","2026-06-03"
"CB000A05",NA,NA,"Detectado en reportes sin geometría catastral","2026-06-03"
"CB000A09",NA,NA,"Detectado en reportes sin geometría catastral","2026-06-03"
"CB000A35",NA,NA,"Detectado en reportes sin geometría catastral","2026-06-03"
"CB000A53",NA,NA,"Detectado en reportes sin geometría catastral","2026-06-03"
"CB000A62",NA,NA,"Detectado en reportes sin geometría catastral","2026-06-03"
"CB000A68",NA,NA,"Detectado en reportes sin geometría catastral","2026-06-03"
"CB000A70",NA,NA,"Detectado en reportes sin geometría catastral","2026-06-03"
"CB000A74",NA,NA,"Detectado en reportes sin geometría catastral","2026-06-03"
"CB000A83",NA,NA,"Detectado en reportes sin geometría catastral","2026-06-03"
"CB000A98",NA,NA,"Detectado en reportes sin geometría catastral","2026-06-03"
"CB000A99",NA,NA,"Detectado en reportes sin geometría catastral","2026-06-03"
"CB000B12",NA,NA,"Detectado en reportes sin geometría catastral","2026-06-03"
"CB000B16",NA,NA,"Detectado en reportes sin geometría catastral","2026-06-03"
"CB000B23",NA,NA,"Detectado en reportes sin geometría catastral","2026-06-03"
"CB000B32",NA,NA,"Detectado en reportes sin geometría catastral","2026-06-03"
"CB000B38",NA,NA,"Detectado en reportes sin geometría catastral","2026-06-03"
"CB000B43",NA,NA,"Detectado en reportes sin geometría catastral","2026-06-03"
"CB000B46",NA,NA,"Detectado en reportes sin geometría catastral","2026-06-03"
"CB000B50",NA,NA,"Detectado en reportes sin geometría catastral","2026-06-03"
"CB000B64",NA,NA,"Detectado en reportes sin geometría catastral","2026-06-03"
"CB000B71",NA,NA,"Detectado en reportes sin geometría catastral","2026-06-03"
"CB000B80",NA,NA,"Detectado en reportes sin geometría catastral","2026-06-03"
"CB000C58",NA,NA,"Detectado en reportes sin geometría catastral","2026-06-03"
"CB000C63",NA,NA,"Detectado en reportes sin geometría catastral","2026-06-03"
"CB000C69",NA,NA,"Detectado en reportes sin geometría catastral","2026-06-03"
"CB000C95",NA,NA,"Detectado en reportes sin geometría catastral","2026-06-03"
"CB000D30",NA,NA,"Detectado en reportes sin geometría catastral","2026-06-03"
"CB000D35",NA,NA,"Detectado en reportes sin geometría catastral","2026-06-03"
"CB000D54",NA,NA,"Detectado en reportes sin geometría catastral","2026-06-03"
"CB000D58",NA,NA,"Detectado en reportes sin geometría catastral","2026-06-03"
"CB000D73",NA,NA,"Detectado en reportes sin geometría catastral","2026-06-03"
"CB000D75",NA,NA,"Detectado en reportes sin geometría catastral","2026-06-03"
"CB000D77",NA,NA,"Detectado en reportes sin geometría catastral","2026-06-03"
"CB000D78",NA,NA,"Detectado en reportes sin geometría catastral","2026-06-03"
"CB000D97",NA,NA,"Detectado en reportes sin geometría catastral","2026-06-03"
"CB000E01",NA,NA,"Detectado en reportes sin geometría catastral","2026-06-03"
"CB000E15",NA,NA,"Detectado en reportes sin geometría catastral","2026-06-03"
"CB000E17",NA,NA,"Detectado en reportes sin geometría catastral","2026-06-03"
"CB000E25",NA,NA,"Detectado en reportes sin geometría catastral","2026-06-03"
"CB000E26",NA,NA,"Detectado en reportes sin geometría catastral","2026-06-03"
"CB000E53",NA,NA,"Detectado en reportes sin geometría catastral","2026-06-03"
"CB000E54",NA,NA,"Detectado en reportes sin geometría catastral","2026-06-03"
"CB000E70",NA,NA,"Detectado en reportes sin geometría catastral","2026-06-03"
"CB000E71",NA,NA,"Detectado en reportes sin geometría catastral","2026-06-03"
"CB000E79",NA,NA,"Detectado en reportes sin geometría catastral","2026-06-03"
"CB000E90",NA,NA,"Detectado en reportes sin geometría catastral","2026-06-03"
"CB000F04",NA,NA,"Detectado en reportes sin geometría catastral","2026-06-03"
"CB000F13",NA,NA,"Detectado en reportes sin geometría catastral","2026-06-03"
"CB000F28",NA,NA,"Detectado en reportes sin geometría catastral","2026-06-03"
"CB000F37",NA,NA,"Detectado en reportes sin geometría catastral","2026-06-03"
"CB000F50",NA,NA,"Detectado en reportes sin geometría catastral","2026-06-03"
"CB000F61",NA,NA,"Detectado en reportes sin geometría catastral","2026-06-03"
"CB000F62",NA,NA,"Detectado en reportes sin geometría catastral","2026-06-03"
"CB000F63",NA,NA,"Detectado en reportes sin geometría catastral","2026-06-03"
"CB000F64",NA,NA,"Detectado en reportes sin geometría catastral","2026-06-03"
"CB000F65",NA,NA,"Detectado en reportes sin geometría catastral","2026-06-03"
"CB000F92",NA,NA,"Detectado en reportes sin geometría catastral","2026-06-03"
"CB000G15",NA,NA,"Detectado en reportes sin geometría catastral","2026-06-03"
"CB000G16",NA,NA,"Detectado en reportes sin geometría catastral","2026-06-03"
"CB000G19",NA,NA,"Detectado en reportes sin geometría catastral","2026-06-03"
"CB000G92",NA,NA,"Detectado en reportes sin geometría catastral","2026-06-03"
"CB000G96",NA,NA,"Detectado en reportes sin geometría catastral","2026-06-03"
"CB000H17",NA,NA,"Detectado en reportes sin geometría catastral","2026-06-03"
"CB000H18",NA,NA,"Detectado en reportes sin geometría catastral","2026-06-03"
"CB000H19",NA,NA,"Detectado en reportes sin geometría catastral","2026-06-03"
"CB000H21",NA,NA,"Detectado en reportes sin geometría catastral","2026-06-03"
"CB000H22",NA,NA,"Detectado en reportes sin geometría catastral","2026-06-03"
"CB000H49",NA,NA,"Detectado en reportes sin geometría catastral","2026-06-03"
"CB000H64",NA,NA,"Detectado en reportes sin geometría catastral","2026-06-03"
"CB000I43",NA,NA,"Detectado en reportes sin geometría catastral","2026-06-03"
"CB000I52",NA,NA,"Detectado en reportes sin geometría catastral","2026-06-03"
"CB000I55",NA,NA,"Detectado en reportes sin geometría catastral","2026-06-03"
"CB000I60",NA,NA,"Detectado en reportes sin geometría catastral","2026-06-03"
"CB000I63",NA,NA,"Detectado en reportes sin geometría catastral","2026-06-03"
"CB000J13",NA,NA,"Detectado en reportes sin geometría catastral","2026-06-03"
"CB000J55",NA,NA,"Detectado en reportes sin geometría catastral","2026-06-03"
"CB000K63",NA,NA,"Detectado en reportes sin geometría catastral","2026-06-03"
"CB000K69",NA,NA,"Detectado en reportes sin geometría catastral","2026-06-03"
"CC000010",NA,NA,"Detectado en reportes sin geometría catastral","2026-06-03"
"CC000031",NA,NA,"Detectado en reportes sin geometría catastral","2026-06-03"
"CC000043",NA,NA,"Detectado en reportes sin geometría catastral","2026-06-03"
"CC000044",NA,NA,"Detectado en reportes sin geometría catastral","2026-06-03"
"CC000046",NA,NA,"Detectado en reportes sin geometría catastral","2026-06-03"
"CC000047",NA,NA,"Detectado en reportes sin geometría catastral","2026-06-03"
"CC000048",NA,NA,"Detectado en reportes sin geometría catastral","2026-06-03"
"CC000051",NA,NA,"Detectado en reportes sin geometría catastral","2026-06-03"
"CC000068",NA,NA,"Detectado en reportes sin geometría catastral","2026-06-03"
"CC000070",NA,NA,"Detectado en reportes sin geometría catastral","2026-06-03"
"CC000072",NA,NA,"Detectado en reportes sin geometría catastral","2026-06-03"
"CC000101",NA,NA,"Detectado en reportes sin geometría catastral","2026-06-03"
"CC000102",NA,NA,"Detectado en reportes sin geometría catastral","2026-06-03"
"CC000104",NA,NA,"Detectado en reportes sin geometría catastral","2026-06-03"
"CC000105",NA,NA,"Detectado en reportes sin geometría catastral","2026-06-03"
"CC000107",NA,NA,"Detectado en reportes sin geometría catastral","2026-06-03"
"CC000110",NA,NA,"Detectado en reportes sin geometría catastral","2026-06-03"
"CC000117",NA,NA,"Detectado en reportes sin geometría catastral","2026-06-03"
"CC000135",NA,NA,"Detectado en reportes sin geometría catastral","2026-06-03"
"CC000138",NA,NA,"Detectado en reportes sin geometría catastral","2026-06-03"
"CC000159",NA,NA,"Detectado en reportes sin geometría catastral","2026-06-03"
"CC000162",NA,NA,"Detectado en reportes sin geometría catastral","2026-06-03"
"CC000210",NA,NA,"Detectado en reportes sin geometría catastral","2026-06-03"
"CC000211",NA,NA,"Detectado en reportes sin geometría catastral","2026-06-03"
"CC000213",NA,NA,"Detectado en reportes sin geometría catastral","2026-06-03"
"CC000216",NA,NA,"Detectado en reportes sin geometría catastral","2026-06-03"
"CC000219",NA,NA,"Detectado en reportes sin geometría catastral","2026-06-03"
"CC000237",NA,NA,"Detectado en reportes sin geometría catastral","2026-06-03"
"CC000239",NA,NA,"Detectado en reportes sin geometría catastral","2026-06-03"
"CC000249",NA,NA,"Detectado en reportes sin geometría catastral","2026-06-03"
"CC000269",NA,NA,"Detectado en reportes sin geometría catastral","2026-06-03"
"CC000274",NA,NA,"Detectado en reportes sin geometría catastral","2026-06-03"
"CC000291",NA,NA,"Detectado en reportes sin geometría catastral","2026-06-03"
"CC000314",NA,NA,"Detectado en reportes sin geometría catastral","2026-06-03"
"CC000321",NA,NA,"Detectado en reportes sin geometría catastral","2026-06-03"
"CC000444",NA,NA,"Detectado en reportes sin geometría catastral","2026-06-03"
"CC000471",NA,NA,"Detectado en reportes sin geometría catastral","2026-06-03"
"CC000476",NA,NA,"Detectado en reportes sin geometría catastral","2026-06-03"
"CC000482",NA,NA,"Detectado en reportes sin geometría catastral","2026-06-03"
"CC000483",NA,NA,"Detectado en reportes sin geometría catastral","2026-06-03"
"CC000485",NA,NA,"Detectado en reportes sin geometría catastral","2026-06-03"
"CC000486",NA,NA,"Detectado en reportes sin geometría catastral","2026-06-03"
"CC000491",NA,NA,"Detectado en reportes sin geometría catastral","2026-06-03"
"CC000492",NA,NA,"Detectado en reportes sin geometría catastral","2026-06-03"
"CC000505",NA,NA,"Detectado en reportes sin geometría catastral","2026-06-03"
"CC000521",NA,NA,"Detectado en reportes sin geometría catastral","2026-06-03"
"CC000528",NA,NA,"Detectado en reportes sin geometría catastral","2026-06-03"
"CC000531",NA,NA,"Detectado en reportes sin geometría catastral","2026-06-03"
"CC000532",NA,NA,"Detectado en reportes sin geometría catastral","2026-06-03"
"CC000536",NA,NA,"Detectado en reportes sin geometría catastral","2026-06-03"
"CC000537",NA,NA,"Detectado en reportes sin geometría catastral","2026-06-03"
"CC000583",NA,NA,"Detectado en reportes sin geometría catastral","2026-06-03"
"CC000585",NA,NA,"Detectado en reportes sin geometría catastral","2026-06-03"
"CC000589",NA,NA,"Detectado en reportes sin geometría catastral","2026-06-03"
"CC000592",NA,NA,"Detectado en reportes sin geometría catastral","2026-06-03"
"CC000799",NA,NA,"Detectado en reportes sin geometría catastral","2026-06-03"
"CC000841",NA,NA,"Detectado en reportes sin geometría catastral","2026-06-03"
"CC000975",NA,NA,"Detectado en reportes sin geometría catastral","2026-06-03"
"CC000982",NA,NA,"Detectado en reportes sin geometría catastral","2026-06-03"
"ML000001",NA,NA,"Detectado en reportes sin geometría catastral","2026-06-03"
"ML000005",NA,NA,"Detectado en reportes sin geometría catastral","2026-06-03"
"ML000006",NA,NA,"Detectado en reportes sin geometría catastral","2026-06-03"
"ML000009",NA,NA,"Detectado en reportes sin geometría catastral","2026-06-03"
"ML000023",NA,NA,"Detectado en reportes sin geometría catastral","2026-06-03"
"ML000024",NA,NA,"Detectado en reportes sin geometría catastral","2026-06-03"
"ML000026",NA,NA,"Detectado en reportes sin geometría catastral","2026-06-03"
"ML000050",NA,NA,"Detectado en reportes sin geometría catastral","2026-06-03"
"ML000402",NA,NA,"Detectado en reportes sin geometría catastral","2026-06-03"
"ML000509",NA,NA,"Detectado en reportes sin geometría catastral","2026-06-03"
"ML000510",NA,NA,"Detectado en reportes sin geometría catastral","2026-06-03"
"ML000511",NA,NA,"Detectado en reportes sin geometría catastral","2026-06-03"
"ML000512",NA,NA,"Detectado en reportes sin geometría catastral","2026-06-03"
"ML000513",NA,NA,"Detectado en reportes sin geometría catastral","2026-06-03"
"ML000692",NA,NA,"Detectado en reportes sin geometría catastral","2026-06-03"
"MN000057",NA,NA,"Detectado en reportes sin geometría catastral","2026-06-03"
"MN000060",NA,NA,"Detectado en reportes sin geometría catastral","2026-06-03"
"MN000068",NA,NA,"Detectado en reportes sin geometría catastral","2026-06-03"
"MN000075",NA,NA,"Detectado en reportes sin geometría catastral","2026-06-03"
"MN000081",NA,NA,"Detectado en reportes sin geometría catastral","2026-06-03"
"MN000088",NA,NA,"Detectado en reportes sin geometría catastral","2026-06-03"
"MN000106",NA,NA,"Detectado en reportes sin geometría catastral","2026-06-03"
"MN000112",NA,NA,"Detectado en reportes sin geometría catastral","2026-06-03"
"MN000120",NA,NA,"Detectado en reportes sin geometría catastral","2026-06-03"
"MN000124",NA,NA,"Detectado en reportes sin geometría catastral","2026-06-03"
"MN000125",NA,NA,"Detectado en reportes sin geometría catastral","2026-06-03"
"MN000132",NA,NA,"Detectado en reportes sin geometría catastral","2026-06-03"
"MN000133",NA,NA,"Detectado en reportes sin geometría catastral","2026-06-03"
"MN000142",NA,NA,"Detectado en reportes sin geometría catastral","2026-06-03"
"MN000301",NA,NA,"Detectado en reportes sin geometría catastral","2026-06-03"
"MN000310",NA,NA,"Detectado en reportes sin geometría catastral","2026-06-03"
"MN000321",NA,NA,"Detectado en reportes sin geometría catastral","2026-06-03"
"MN000332",NA,NA,"Detectado en reportes sin geometría catastral","2026-06-03"
"MN000336",NA,NA,"Detectado en reportes sin geometría catastral","2026-06-03"
"MN000372",NA,NA,"Detectado en reportes sin geometría catastral","2026-06-03"
"MN000383",NA,NA,"Detectado en reportes sin geometría catastral","2026-06-03"
"MN000393",NA,NA,"Detectado en reportes sin geometría catastral","2026-06-03"
"MN000408",NA,NA,"Detectado en reportes sin geometría catastral","2026-06-03"
"MN000419",NA,NA,"Detectado en reportes sin geometría catastral","2026-06-03"
"MN000467",NA,NA,"Detectado en reportes sin geometría catastral","2026-06-03"
"MN000481",NA,NA,"Detectado en reportes sin geometría catastral","2026-06-03"
"MN000483",NA,NA,"Detectado en reportes sin geometría catastral","2026-06-03"
"MN000492",NA,NA,"Detectado en reportes sin geometría catastral","2026-06-03"
"MN000493",NA,NA,"Detectado en reportes sin geometría catastral","2026-06-03"
"MN000495",NA,NA,"Detectado en reportes sin geometría catastral","2026-06-03"
"MN000519",NA,NA,"Detectado en reportes sin geometría catastral","2026-06-03"
"MN000522",NA,NA,"Detectado en reportes sin geometría catastral","2026-06-03"
"MN000523",NA,NA,"Detectado en reportes sin geometría catastral","2026-06-03"
"MN000544",NA,NA,"Detectado en reportes sin geometría catastral","2026-06-03"
"MN000725",NA,NA,"Detectado en reportes sin geometría catastral","2026-06-03"
"MN000754",NA,NA,"Detectado en reportes sin geometría catastral","2026-06-03"
"MN000760",NA,NA,"Detectado en reportes sin geometría catastral","2026-06-03"
"MN000761",NA,NA,"Detectado en reportes sin geometría catastral","2026-06-03"
"MN000762",NA,NA,"Detectado en reportes sin geometría catastral","2026-06-03"
"MN000769",NA,NA,"Detectado en reportes sin geometría catastral","2026-06-03"
"MN000778",NA,NA,"Detectado en reportes sin geometría catastral","2026-06-03"
"MN000798",NA,NA,"Detectado en reportes sin geometría catastral","2026-06-03"
"MN000800",NA,NA,"Detectado en reportes sin geometría catastral","2026-06-03"
"MN000807",NA,NA,"Detectado en reportes sin geometría catastral","2026-06-03"
"MN000808",NA,NA,"Detectado en reportes sin geometría catastral","2026-06-03"
"MN000842",NA,NA,"Detectado en reportes sin geometría catastral","2026-06-03"
"MN000862",NA,NA,"Detectado en reportes sin geometría catastral","2026-06-03"
"MN000894",NA,NA,"Detectado en reportes sin geometría catastral","2026-06-03"
"MN000915",NA,NA,"Detectado en reportes sin geometría catastral","2026-06-03"
"MN000939",NA,NA,"Detectado en reportes sin geometría catastral","2026-06-03"
"MN000950",NA,NA,"Detectado en reportes sin geometría catastral","2026-06-03"
"MN000956",NA,NA,"Detectado en reportes sin geometría catastral","2026-06-03"
"MN000958",NA,NA,"Detectado en reportes sin geometría catastral","2026-06-03"
"MN000963",NA,NA,"Detectado en reportes sin geometría catastral","2026-06-03"
"MN000964",NA,NA,"Detectado en reportes sin geometría catastral","2026-06-03"
"MN000966",NA,NA,"Detectado en reportes sin geometría catastral","2026-06-03"
"MN000968",NA,NA,"Detectado en reportes sin geometría catastral","2026-06-03"
"MY000271",NA,NA,"Detectado en reportes sin geometría catastral","2026-06-03"
"MY000276",NA,NA,"Detectado en reportes sin geometría catastral","2026-06-03"
"MY000290",NA,NA,"Detectado en reportes sin geometría catastral","2026-06-03"
"MY000291",NA,NA,"Detectado en reportes sin geometría catastral","2026-06-03"
"MY000308",NA,NA,"Detectado en reportes sin geometría catastral","2026-06-03"
"MY000336",NA,NA,"Detectado en reportes sin geometría catastral","2026-06-03"
"MY000343",NA,NA,"Detectado en reportes sin geometría catastral","2026-06-03"
"MY000361",NA,NA,"Detectado en reportes sin geometría catastral","2026-06-03"
"MY000397",NA,NA,"Detectado en reportes sin geometría catastral","2026-06-03"
"MY000442",NA,NA,"Detectado en reportes sin geometría catastral","2026-06-03"
"MY000447",NA,NA,"Detectado en reportes sin geometría catastral","2026-06-03"
"MY000465",NA,NA,"Detectado en reportes sin geometría catastral","2026-06-03"
"MY000474",NA,NA,"Detectado en reportes sin geometría catastral","2026-06-03"
"MY000482",NA,NA,"Detectado en reportes sin geometría catastral","2026-06-03"
"MY000501",NA,NA,"Detectado en reportes sin geometría catastral","2026-06-03"
"MY000506",NA,NA,"Detectado en reportes sin geometría catastral","2026-06-03"
"MY000549",NA,NA,"Detectado en reportes sin geometría catastral","2026-06-03"
"MY000560",NA,NA,"Detectado en reportes sin geometría catastral","2026-06-03"
"MY000599",NA,NA,"Detectado en reportes sin geometría catastral","2026-06-03"
"MY000614",NA,NA,"Detectado en reportes sin geometría catastral","2026-06-03"
"MY000618",NA,NA,"Detectado en reportes sin geometría catastral","2026-06-03"
"MY000640",NA,NA,"Detectado en reportes sin geometría catastral","2026-06-03"
"MY000665",NA,NA,"Detectado en reportes sin geometría catastral","2026-06-03"
"MY000667",NA,NA,"Detectado en reportes sin geometría catastral","2026-06-03"
"MY000675",NA,NA,"Detectado en reportes sin geometría catastral","2026-06-03"
"MY000682",NA,NA,"Detectado en reportes sin geometría catastral","2026-06-03"
"MY000687",NA,NA,"Detectado en reportes sin geometría catastral","2026-06-03"
"MY000693",NA,NA,"Detectado en reportes sin geometría catastral","2026-06-03"
"MY000700",NA,NA,"Detectado en reportes sin geometría catastral","2026-06-03"
"MY000704",NA,NA,"Detectado en reportes sin geometría catastral","2026-06-03"
"MY000706",NA,NA,"Detectado en reportes sin geometría catastral","2026-06-03"
"MY000719",NA,NA,"Detectado en reportes sin geometría catastral","2026-06-03"
"MY000730",NA,NA,"Detectado en reportes sin geometría catastral","2026-06-03"
"MY000735",NA,NA,"Detectado en reportes sin geometría catastral","2026-06-03"
"MY000774",NA,NA,"Detectado en reportes sin geometría catastral","2026-06-03"
"MY000776",NA,NA,"Detectado en reportes sin geometría catastral","2026-06-03"
"MY000830",NA,NA,"Detectado en reportes sin geometría catastral","2026-06-03"
"MY000847",NA,NA,"Detectado en reportes sin geometría catastral","2026-06-03"
"MY000884",NA,NA,"Detectado en reportes sin geometría catastral","2026-06-03"
"MY000893",NA,NA,"Detectado en reportes sin geometría catastral","2026-06-03"
"MY000897",NA,NA,"Detectado en reportes sin geometría catastral","2026-06-03"
"MY000909",NA,NA,"Detectado en reportes sin geometría catastral","2026-06-03"
"MY000944",NA,NA,"Detectado en reportes sin geometría catastral","2026-06-03"
"MY000945",NA,NA,"Detectado en reportes sin geometría catastral","2026-06-03"
"MY000986",NA,NA,"Detectado en reportes sin geometría catastral","2026-06-03"
"MY000A41",NA,NA,"Detectado en reportes sin geometría catastral","2026-06-03"
"MY000A57",NA,NA,"Detectado en reportes sin geometría catastral","2026-06-03"
"MY000A67",NA,NA,"Detectado en reportes sin geometría catastral","2026-06-03"
"MY000A74",NA,NA,"Detectado en reportes sin geometría catastral","2026-06-03"
"MY000A75",NA,NA,"Detectado en reportes sin geometría catastral","2026-06-03"
"MY000A76",NA,NA,"Detectado en reportes sin geometría catastral","2026-06-03"
"MY000A80",NA,NA,"Detectado en reportes sin geometría catastral","2026-06-03"
"MY000A83",NA,NA,"Detectado en reportes sin geometría catastral","2026-06-03"
"MY000A84",NA,NA,"Detectado en reportes sin geometría catastral","2026-06-03"
"MY000A85",NA,NA,"Detectado en reportes sin geometría catastral","2026-06-03"
"MY000A86",NA,NA,"Detectado en reportes sin geometría catastral","2026-06-03"
"MY000B05",NA,NA,"Detectado en reportes sin geometría catastral","2026-06-03"
"MY000B10",NA,NA,"Detectado en reportes sin geometría catastral","2026-06-03"
"MY000B13",NA,NA,"Detectado en reportes sin geometría catastral","2026-06-03"
"MY000B15",NA,NA,"Detectado en reportes sin geometría catastral","2026-06-03"
"MY000B18",NA,NA,"Detectado en reportes sin geometría catastral","2026-06-03"
"MY000B20",NA,NA,"Detectado en reportes sin geometría catastral","2026-06-03"
"MY000B29",NA,NA,"Detectado en reportes sin geometría catastral","2026-06-03"
"MY000B31",NA,NA,"Detectado en reportes sin geometría catastral","2026-06-03"
"MY000B40",NA,NA,"Detectado en reportes sin geometría catastral","2026-06-03"
"MY000B42",NA,NA,"Detectado en reportes sin geometría catastral","2026-06-03"
"MY000B49",NA,NA,"Detectado en reportes sin geometría catastral","2026-06-03"
"MY000B65",NA,NA,"Detectado en reportes sin geometría catastral","2026-06-03"
"MY000B77",NA,NA,"Detectado en reportes sin geometría catastral","2026-06-03"
"MY000B79",NA,NA,"Detectado en reportes sin geometría catastral","2026-06-03"
"MY000B80",NA,NA,"Detectado en reportes sin geometría catastral","2026-06-03"
"MY000B81",NA,NA,"Detectado en reportes sin geometría catastral","2026-06-03"
"MY000B83",NA,NA,"Detectado en reportes sin geometría catastral","2026-06-03"
"MY000B86",NA,NA,"Detectado en reportes sin geometría catastral","2026-06-03"
"MY000B93",NA,NA,"Detectado en reportes sin geometría catastral","2026-06-03"
"MY000C02",NA,NA,"Detectado en reportes sin geometría catastral","2026-06-03"
"MY000C08",NA,NA,"Detectado en reportes sin geometría catastral","2026-06-03"
"MY000C15",NA,NA,"Detectado en reportes sin geometría catastral","2026-06-03"
"MY000C18",NA,NA,"Detectado en reportes sin geometría catastral","2026-06-03"
"MY000C19",NA,NA,"Detectado en reportes sin geometría catastral","2026-06-03"
"MY000C21",NA,NA,"Detectado en reportes sin geometría catastral","2026-06-03"
"MY000C23",NA,NA,"Detectado en reportes sin geometría catastral","2026-06-03"
"MY000C25",NA,NA,"Detectado en reportes sin geometría catastral","2026-06-03"
"MY000C30",NA,NA,"Detectado en reportes sin geometría catastral","2026-06-03"
"MY000C37",NA,NA,"Detectado en reportes sin geometría catastral","2026-06-03"
"MY000C46",NA,NA,"Detectado en reportes sin geometría catastral","2026-06-03"
"MY000C74",NA,NA,"Detectado en reportes sin geometría catastral","2026-06-03"
"MY000C79",NA,NA,"Detectado en reportes sin geometría catastral","2026-06-03"
"MY000D48",NA,NA,"Detectado en reportes sin geometría catastral","2026-06-03"
"MYNA0001",NA,NA,"Detectado en reportes sin geometría catastral","2026-06-03"
"PC001001",NA,NA,"Detectado en reportes sin geometría catastral","2026-06-03"
"PC001005",NA,NA,"Detectado en reportes sin geometría catastral","2026-06-03"
"PC001006",NA,NA,"Detectado en reportes sin geometría catastral","2026-06-03"
"PC001008",NA,NA,"Detectado en reportes sin geometría catastral","2026-06-03"
"PC001010",NA,NA,"Detectado en reportes sin geometría catastral","2026-06-03"
"PC001011",NA,NA,"Detectado en reportes sin geometría catastral","2026-06-03"
"PC001012",NA,NA,"Detectado en reportes sin geometría catastral","2026-06-03"
"PC001014",NA,NA,"Detectado en reportes sin geometría catastral","2026-06-03"
"PC001015",NA,NA,"Detectado en reportes sin geometría catastral","2026-06-03"
"PC001018",NA,NA,"Detectado en reportes sin geometría catastral","2026-06-03"
"PC001025",NA,NA,"Detectado en reportes sin geometría catastral","2026-06-03"
"PC001026",NA,NA,"Detectado en reportes sin geometría catastral","2026-06-03"
"PC001033",NA,NA,"Detectado en reportes sin geometría catastral","2026-06-03"
"PC001037",NA,NA,"Detectado en reportes sin geometría catastral","2026-06-03"
"PC001049",NA,NA,"Detectado en reportes sin geometría catastral","2026-06-03"
"PC001063",NA,NA,"Detectado en reportes sin geometría catastral","2026-06-03"
"PC001072",NA,NA,"Detectado en reportes sin geometría catastral","2026-06-03"
"PC001079",NA,NA,"Detectado en reportes sin geometría catastral","2026-06-03"
"PC001080",NA,NA,"Detectado en reportes sin geometría catastral","2026-06-03"
"PC001081",NA,NA,"Detectado en reportes sin geometría catastral","2026-06-03"
"PC001082",NA,NA,"Detectado en reportes sin geometría catastral","2026-06-03"
"PC001088",NA,NA,"Detectado en reportes sin geometría catastral","2026-06-03"
"PC001090",NA,NA,"Detectado en reportes sin geometría catastral","2026-06-03"
"PC001091",NA,NA,"Detectado en reportes sin geometría catastral","2026-06-03"
"PC001094",NA,NA,"Detectado en reportes sin geometría catastral","2026-06-03"
"PC001097",NA,NA,"Detectado en reportes sin geometría catastral","2026-06-03"
"PC001202",NA,NA,"Detectado en reportes sin geometría catastral","2026-06-03"
"PC001203",NA,NA,"Detectado en reportes sin geometría catastral","2026-06-03"
"PC001205",NA,NA,"Detectado en reportes sin geometría catastral","2026-06-03"
"PC001206",NA,NA,"Detectado en reportes sin geometría catastral","2026-06-03"
"PC001207",NA,NA,"Detectado en reportes sin geometría catastral","2026-06-03"
"PC001208",NA,NA,"Detectado en reportes sin geometría catastral","2026-06-03"
"PC001210",NA,NA,"Detectado en reportes sin geometría catastral","2026-06-03"
"PC001211",NA,NA,"Detectado en reportes sin geometría catastral","2026-06-03"
"PC001213",NA,NA,"Detectado en reportes sin geometría catastral","2026-06-03"
"PC001216",NA,NA,"Detectado en reportes sin geometría catastral","2026-06-03"
"PC001217",NA,NA,"Detectado en reportes sin geometría catastral","2026-06-03"
"PC001220",NA,NA,"Detectado en reportes sin geometría catastral","2026-06-03"
"PC001221",NA,NA,"Detectado en reportes sin geometría catastral","2026-06-03"
"PC001227",NA,NA,"Detectado en reportes sin geometría catastral","2026-06-03"
"PC001236",NA,NA,"Detectado en reportes sin geometría catastral","2026-06-03"
"PC001237",NA,NA,"Detectado en reportes sin geometría catastral","2026-06-03"
"PC001238",NA,NA,"Detectado en reportes sin geometría catastral","2026-06-03"
"PC001239",NA,NA,"Detectado en reportes sin geometría catastral","2026-06-03"
"PC001240",NA,NA,"Detectado en reportes sin geometría catastral","2026-06-03"
"PC001242",NA,NA,"Detectado en reportes sin geometría catastral","2026-06-03"
"PC001246",NA,NA,"Detectado en reportes sin geometría catastral","2026-06-03"
"PC001247",NA,NA,"Detectado en reportes sin geometría catastral","2026-06-03"
"PC001252",NA,NA,"Detectado en reportes sin geometría catastral","2026-06-03"
"PC001259",NA,NA,"Detectado en reportes sin geometría catastral","2026-06-03"
"PC001262",NA,NA,"Detectado en reportes sin geometría catastral","2026-06-03"
"PC001265",NA,NA,"Detectado en reportes sin geometría catastral","2026-06-03"
"PC001270",NA,NA,"Detectado en reportes sin geometría catastral","2026-06-03"
"PC001271",NA,NA,"Detectado en reportes sin geometría catastral","2026-06-03"
"PC001275",NA,NA,"Detectado en reportes sin geometría catastral","2026-06-03"
"PC001287",NA,NA,"Detectado en reportes sin geometría catastral","2026-06-03"
"PC001288",NA,NA,"Detectado en reportes sin geometría catastral","2026-06-03"
"PC001290",NA,NA,"Detectado en reportes sin geometría catastral","2026-06-03"
"PC001291",NA,NA,"Detectado en reportes sin geometría catastral","2026-06-03"
"PC001293",NA,NA,"Detectado en reportes sin geometría catastral","2026-06-03"
"PC001294",NA,NA,"Detectado en reportes sin geometría catastral","2026-06-03"
"PC001295",NA,NA,"Detectado en reportes sin geometría catastral","2026-06-03"
"PC001431",NA,NA,"Detectado en reportes sin geometría catastral","2026-06-03"
"PC001432",NA,NA,"Detectado en reportes sin geometría catastral","2026-06-03"
"PC001483",NA,NA,"Detectado en reportes sin geometría catastral","2026-06-03"
"PC002003",NA,NA,"Detectado en reportes sin geometría catastral","2026-06-03"
"PC002004",NA,NA,"Detectado en reportes sin geometría catastral","2026-06-03"
"PC002006",NA,NA,"Detectado en reportes sin geometría catastral","2026-06-03"
"PC002007",NA,NA,"Detectado en reportes sin geometría catastral","2026-06-03"
"PC002008",NA,NA,"Detectado en reportes sin geometría catastral","2026-06-03"
"PC002009",NA,NA,"Detectado en reportes sin geometría catastral","2026-06-03"
"PC002010",NA,NA,"Detectado en reportes sin geometría catastral","2026-06-03"
"PC002011",NA,NA,"Detectado en reportes sin geometría catastral","2026-06-03"
"PC002013",NA,NA,"Detectado en reportes sin geometría catastral","2026-06-03"
"PC002014",NA,NA,"Detectado en reportes sin geometría catastral","2026-06-03"
"PC002015",NA,NA,"Detectado en reportes sin geometría catastral","2026-06-03"
"PC002017",NA,NA,"Detectado en reportes sin geometría catastral","2026-06-03"
"PC002019",NA,NA,"Detectado en reportes sin geometría catastral","2026-06-03"
"PC002022",NA,NA,"Detectado en reportes sin geometría catastral","2026-06-03"
"PC002031",NA,NA,"Detectado en reportes sin geometría catastral","2026-06-03"
"PC002032",NA,NA,"Detectado en reportes sin geometría catastral","2026-06-03"
"PC002038",NA,NA,"Detectado en reportes sin geometría catastral","2026-06-03"
"PC002042",NA,NA,"Detectado en reportes sin geometría catastral","2026-06-03"
"PC002044",NA,NA,"Detectado en reportes sin geometría catastral","2026-06-03"
"PC002047",NA,NA,"Detectado en reportes sin geometría catastral","2026-06-03"
"PC002050",NA,NA,"Detectado en reportes sin geometría catastral","2026-06-03"
"PC002051",NA,NA,"Detectado en reportes sin geometría catastral","2026-06-03"
"PC002053",NA,NA,"Detectado en reportes sin geometría catastral","2026-06-03"
"PC002056",NA,NA,"Detectado en reportes sin geometría catastral","2026-06-03"
"PC002058",NA,NA,"Detectado en reportes sin geometría catastral","2026-06-03"
"PC002066",NA,NA,"Detectado en reportes sin geometría catastral","2026-06-03"
"PC002069",NA,NA,"Detectado en reportes sin geometría catastral","2026-06-03"
"PC002074",NA,NA,"Detectado en reportes sin geometría catastral","2026-06-03"
"PC002076",NA,NA,"Detectado en reportes sin geometría catastral","2026-06-03"
"PC002077",NA,NA,"Detectado en reportes sin geometría catastral","2026-06-03"
"PC002087",NA,NA,"Detectado en reportes sin geometría catastral","2026-06-03"
"PC002088",NA,NA,"Detectado en reportes sin geometría catastral","2026-06-03"
"PC002089",NA,NA,"Detectado en reportes sin geometría catastral","2026-06-03"
"PC002095",NA,NA,"Detectado en reportes sin geometría catastral","2026-06-03"
"PC002201",NA,NA,"Detectado en reportes sin geometría catastral","2026-06-03"
"PC002202",NA,NA,"Detectado en reportes sin geometría catastral","2026-06-03"
"PC002205",NA,NA,"Detectado en reportes sin geometría catastral","2026-06-03"
"PC002208",NA,NA,"Detectado en reportes sin geometría catastral","2026-06-03"
"PC002209",NA,NA,"Detectado en reportes sin geometría catastral","2026-06-03"
"PC002211",NA,NA,"Detectado en reportes sin geometría catastral","2026-06-03"
"PC002212",NA,NA,"Detectado en reportes sin geometría catastral","2026-06-03"
"PC002227",NA,NA,"Detectado en reportes sin geometría catastral","2026-06-03"
"PC002235",NA,NA,"Detectado en reportes sin geometría catastral","2026-06-03"
"PC002237",NA,NA,"Detectado en reportes sin geometría catastral","2026-06-03"
"PC002243",NA,NA,"Detectado en reportes sin geometría catastral","2026-06-03"
"PC002251",NA,NA,"Detectado en reportes sin geometría catastral","2026-06-03"
"PC002256",NA,NA,"Detectado en reportes sin geometría catastral","2026-06-03"
"PC002273",NA,NA,"Detectado en reportes sin geometría catastral","2026-06-03"
"PC002278",NA,NA,"Detectado en reportes sin geometría catastral","2026-06-03"
"PC002279",NA,NA,"Detectado en reportes sin geometría catastral","2026-06-03"
"PC002280",NA,NA,"Detectado en reportes sin geometría catastral","2026-06-03"
"PC002282",NA,NA,"Detectado en reportes sin geometría catastral","2026-06-03"
"PC002283",NA,NA,"Detectado en reportes sin geometría catastral","2026-06-03"
"PC002284",NA,NA,"Detectado en reportes sin geometría catastral","2026-06-03"
"PC002285",NA,NA,"Detectado en reportes sin geometría catastral","2026-06-03"
"PC002286",NA,NA,"Detectado en reportes sin geometría catastral","2026-06-03"
"PC002288",NA,NA,"Detectado en reportes sin geometría catastral","2026-06-03"
"PC002290",NA,NA,"Detectado en reportes sin geometría catastral","2026-06-03"
"PC002423",NA,NA,"Detectado en reportes sin geometría catastral","2026-06-03"
"PC002440",NA,NA,"Detectado en reportes sin geometría catastral","2026-06-03"
"PC002442",NA,NA,"Detectado en reportes sin geometría catastral","2026-06-03"
"PC002443",NA,NA,"Detectado en reportes sin geometría catastral","2026-06-03"
"PC002444",NA,NA,"Detectado en reportes sin geometría catastral","2026-06-03"
"PC002445",NA,NA,"Detectado en reportes sin geometría catastral","2026-06-03"
"PC002448",NA,NA,"Detectado en reportes sin geometría catastral","2026-06-03"
"PC002484",NA,NA,"Detectado en reportes sin geometría catastral","2026-06-03"
"PC002497",NA,NA,"Detectado en reportes sin geometría catastral","2026-06-03"
"PC003001",NA,NA,"Detectado en reportes sin geometría catastral","2026-06-03"
"PC003002",NA,NA,"Detectado en reportes sin geometría catastral","2026-06-03"
"PC003003",NA,NA,"Detectado en reportes sin geometría catastral","2026-06-03"
"PC003010",NA,NA,"Detectado en reportes sin geometría catastral","2026-06-03"
"PC003011",NA,NA,"Detectado en reportes sin geometría catastral","2026-06-03"
"PC003012",NA,NA,"Detectado en reportes sin geometría catastral","2026-06-03"
"PC003013",NA,NA,"Detectado en reportes sin geometría catastral","2026-06-03"
"PC003020",NA,NA,"Detectado en reportes sin geometría catastral","2026-06-03"
"PC003021",NA,NA,"Detectado en reportes sin geometría catastral","2026-06-03"
"PC003030",NA,NA,"Detectado en reportes sin geometría catastral","2026-06-03"
"PC003035",NA,NA,"Detectado en reportes sin geometría catastral","2026-06-03"
"PC003036",NA,NA,"Detectado en reportes sin geometría catastral","2026-06-03"
"PC003041",NA,NA,"Detectado en reportes sin geometría catastral","2026-06-03"
"PC003045",NA,NA,"Detectado en reportes sin geometría catastral","2026-06-03"
"PC003046",NA,NA,"Detectado en reportes sin geometría catastral","2026-06-03"
"PC003048",NA,NA,"Detectado en reportes sin geometría catastral","2026-06-03"
"PC003049",NA,NA,"Detectado en reportes sin geometría catastral","2026-06-03"
"PC003061",NA,NA,"Detectado en reportes sin geometría catastral","2026-06-03"
"PC003067",NA,NA,"Detectado en reportes sin geometría catastral","2026-06-03"
"PC003070",NA,NA,"Detectado en reportes sin geometría catastral","2026-06-03"
"PC003074",NA,NA,"Detectado en reportes sin geometría catastral","2026-06-03"
"PC003078",NA,NA,"Detectado en reportes sin geometría catastral","2026-06-03"
"PC003080",NA,NA,"Detectado en reportes sin geometría catastral","2026-06-03"
"PC003083",NA,NA,"Detectado en reportes sin geometría catastral","2026-06-03"
"PC003084",NA,NA,"Detectado en reportes sin geometría catastral","2026-06-03"
"PC003086",NA,NA,"Detectado en reportes sin geometría catastral","2026-06-03"
"PC003087",NA,NA,"Detectado en reportes sin geometría catastral","2026-06-03"
"PC003090",NA,NA,"Detectado en reportes sin geometría catastral","2026-06-03"
"PC003091",NA,NA,"Detectado en reportes sin geometría catastral","2026-06-03"
"PC003093",NA,NA,"Detectado en reportes sin geometría catastral","2026-06-03"
"PC003200",NA,NA,"Detectado en reportes sin geometría catastral","2026-06-03"
"PC003206",NA,NA,"Detectado en reportes sin geometría catastral","2026-06-03"
"PC003208",NA,NA,"Detectado en reportes sin geometría catastral","2026-06-03"
"PC003211",NA,NA,"Detectado en reportes sin geometría catastral","2026-06-03"
"PC003215",NA,NA,"Detectado en reportes sin geometría catastral","2026-06-03"
"PC003223",NA,NA,"Detectado en reportes sin geometría catastral","2026-06-03"
"PC003224",NA,NA,"Detectado en reportes sin geometría catastral","2026-06-03"
"PC003225",NA,NA,"Detectado en reportes sin geometría catastral","2026-06-03"
"PC003229",NA,NA,"Detectado en reportes sin geometría catastral","2026-06-03"
"PC003230",NA,NA,"Detectado en reportes sin geometría catastral","2026-06-03"
"PC003235",NA,NA,"Detectado en reportes sin geometría catastral","2026-06-03"
"PC003237",NA,NA,"Detectado en reportes sin geometría catastral","2026-06-03"
"PC003242",NA,NA,"Detectado en reportes sin geometría catastral","2026-06-03"
"PC003245",NA,NA,"Detectado en reportes sin geometría catastral","2026-06-03"
"PC003246",NA,NA,"Detectado en reportes sin geometría catastral","2026-06-03"
"PC003250",NA,NA,"Detectado en reportes sin geometría catastral","2026-06-03"
"PC003251",NA,NA,"Detectado en reportes sin geometría catastral","2026-06-03"
"PC003252",NA,NA,"Detectado en reportes sin geometría catastral","2026-06-03"
"PC003277",NA,NA,"Detectado en reportes sin geometría catastral","2026-06-03"
"PC003296",NA,NA,"Detectado en reportes sin geometría catastral","2026-06-03"
"PC003433",NA,NA,"Detectado en reportes sin geometría catastral","2026-06-03"
"PC003493",NA,NA,"Detectado en reportes sin geometría catastral","2026-06-03"
"PC003505",NA,NA,"Detectado en reportes sin geometría catastral","2026-06-03"
"PR080103",NA,NA,"Detectado en reportes sin geometría catastral","2026-06-03"
"PR080108",NA,NA,"Detectado en reportes sin geometría catastral","2026-06-03"
"PR080109",NA,NA,"Detectado en reportes sin geometría catastral","2026-06-03"
"PR080111",NA,NA,"Detectado en reportes sin geometría catastral","2026-06-03"
"PR080112",NA,NA,"Detectado en reportes sin geometría catastral","2026-06-03"
"PR080116",NA,NA,"Detectado en reportes sin geometría catastral","2026-06-03"
"PR080117",NA,NA,"Detectado en reportes sin geometría catastral","2026-06-03"
"PR080122",NA,NA,"Detectado en reportes sin geometría catastral","2026-06-03"
"PR080123",NA,NA,"Detectado en reportes sin geometría catastral","2026-06-03"
"PR080126",NA,NA,"Detectado en reportes sin geometría catastral","2026-06-03"
"PR080127",NA,NA,"Detectado en reportes sin geometría catastral","2026-06-03"
"PR080129",NA,NA,"Detectado en reportes sin geometría catastral","2026-06-03"
"PR080130",NA,NA,"Detectado en reportes sin geometría catastral","2026-06-03"
"PR080131",NA,NA,"Detectado en reportes sin geometría catastral","2026-06-03"
"PR080135",NA,NA,"Detectado en reportes sin geometría catastral","2026-06-03"
"PR080136",NA,NA,"Detectado en reportes sin geometría catastral","2026-06-03"
"PR080138",NA,NA,"Detectado en reportes sin geometría catastral","2026-06-03"
"PR080139",NA,NA,"Detectado en reportes sin geometría catastral","2026-06-03"
"PR080140",NA,NA,"Detectado en reportes sin geometría catastral","2026-06-03"
"PR080143",NA,NA,"Detectado en reportes sin geometría catastral","2026-06-03"
"PR080153",NA,NA,"Detectado en reportes sin geometría catastral","2026-06-03"
"PR080154",NA,NA,"Detectado en reportes sin geometría catastral","2026-06-03"
"PR080156",NA,NA,"Detectado en reportes sin geometría catastral","2026-06-03"
"PR080157",NA,NA,"Detectado en reportes sin geometría catastral","2026-06-03"
"PR080158",NA,NA,"Detectado en reportes sin geometría catastral","2026-06-03"
"PR080159",NA,NA,"Detectado en reportes sin geometría catastral","2026-06-03"
"PR080162",NA,NA,"Detectado en reportes sin geometría catastral","2026-06-03"
"PR080163",NA,NA,"Detectado en reportes sin geometría catastral","2026-06-03"
"PR080165",NA,NA,"Detectado en reportes sin geometría catastral","2026-06-03"
"PR080166",NA,NA,"Detectado en reportes sin geometría catastral","2026-06-03"
"PR080167",NA,NA,"Detectado en reportes sin geometría catastral","2026-06-03"
"PR080173",NA,NA,"Detectado en reportes sin geometría catastral","2026-06-03"
"PR080174",NA,NA,"Detectado en reportes sin geometría catastral","2026-06-03"
"PR080175",NA,NA,"Detectado en reportes sin geometría catastral","2026-06-03"
"PR080176",NA,NA,"Detectado en reportes sin geometría catastral","2026-06-03"
"PR080181",NA,NA,"Detectado en reportes sin geometría catastral","2026-06-03"
"PR080186",NA,NA,"Detectado en reportes sin geometría catastral","2026-06-03"
"PR080192",NA,NA,"Detectado en reportes sin geometría catastral","2026-06-03"
"PR080193",NA,NA,"Detectado en reportes sin geometría catastral","2026-06-03"
"PR080194",NA,NA,"Detectado en reportes sin geometría catastral","2026-06-03"
"PR080197",NA,NA,"Detectado en reportes sin geometría catastral","2026-06-03"
"PR080205",NA,NA,"Detectado en reportes sin geometría catastral","2026-06-03"
"PR080206",NA,NA,"Detectado en reportes sin geometría catastral","2026-06-03"
"PR080211",NA,NA,"Detectado en reportes sin geometría catastral","2026-06-03"
"PR080213",NA,NA,"Detectado en reportes sin geometría catastral","2026-06-03"
"PR080214",NA,NA,"Detectado en reportes sin geometría catastral","2026-06-03"
"PR080215",NA,NA,"Detectado en reportes sin geometría catastral","2026-06-03"
"PR080218",NA,NA,"Detectado en reportes sin geometría catastral","2026-06-03"
"PR080219",NA,NA,"Detectado en reportes sin geometría catastral","2026-06-03"
"PR080220",NA,NA,"Detectado en reportes sin geometría catastral","2026-06-03"
"PR080222",NA,NA,"Detectado en reportes sin geometría catastral","2026-06-03"
"PR080230",NA,NA,"Detectado en reportes sin geometría catastral","2026-06-03"
"PR080236",NA,NA,"Detectado en reportes sin geometría catastral","2026-06-03"
"PR080242",NA,NA,"Detectado en reportes sin geometría catastral","2026-06-03"
"PR080244",NA,NA,"Detectado en reportes sin geometría catastral","2026-06-03"
"PR080247",NA,NA,"Detectado en reportes sin geometría catastral","2026-06-03"
"PR080251",NA,NA,"Detectado en reportes sin geometría catastral","2026-06-03"
"PR080252",NA,NA,"Detectado en reportes sin geometría catastral","2026-06-03"
"PR080253",NA,NA,"Detectado en reportes sin geometría catastral","2026-06-03"
"PR080261",NA,NA,"Detectado en reportes sin geometría catastral","2026-06-03"
"PR080266",NA,NA,"Detectado en reportes sin geometría catastral","2026-06-03"
"PR080269",NA,NA,"Detectado en reportes sin geometría catastral","2026-06-03"
"PR080270",NA,NA,"Detectado en reportes sin geometría catastral","2026-06-03"
"PR080274",NA,NA,"Detectado en reportes sin geometría catastral","2026-06-03"
"PR080276",NA,NA,"Detectado en reportes sin geometría catastral","2026-06-03"
"PR080277",NA,NA,"Detectado en reportes sin geometría catastral","2026-06-03"
"PR080280",NA,NA,"Detectado en reportes sin geometría catastral","2026-06-03"
"PR080281",NA,NA,"Detectado en reportes sin geometría catastral","2026-06-03"
"PR080284",NA,NA,"Detectado en reportes sin geometría catastral","2026-06-03"
"PR080293",NA,NA,"Detectado en reportes sin geometría catastral","2026-06-03"
"PR080295",NA,NA,"Detectado en reportes sin geometría catastral","2026-06-03"
"PR080298",NA,NA,"Detectado en reportes sin geometría catastral","2026-06-03"
"PR080300",NA,NA,"Detectado en reportes sin geometría catastral","2026-06-03"
"PR080304",NA,NA,"Detectado en reportes sin geometría catastral","2026-06-03"
"PR080307",NA,NA,"Detectado en reportes sin geometría catastral","2026-06-03"
"PR080309",NA,NA,"Detectado en reportes sin geometría catastral","2026-06-03"
"PR080310",NA,NA,"Detectado en reportes sin geometría catastral","2026-06-03"
"PR080314",NA,NA,"Detectado en reportes sin geometría catastral","2026-06-03"
"PR080316",NA,NA,"Detectado en reportes sin geometría catastral","2026-06-03"
"PR080323",NA,NA,"Detectado en reportes sin geometría catastral","2026-06-03"
"PR080328",NA,NA,"Detectado en reportes sin geometría catastral","2026-06-03"
"PR080337",NA,NA,"Detectado en reportes sin geometría catastral","2026-06-03"
"PR080348",NA,NA,"Detectado en reportes sin geometría catastral","2026-06-03"
"PR080349",NA,NA,"Detectado en reportes sin geometría catastral","2026-06-03"
"PR080352",NA,NA,"Detectado en reportes sin geometría catastral","2026-06-03"
"PR080365",NA,NA,"Detectado en reportes sin geometría catastral","2026-06-03"
"PR080374",NA,NA,"Detectado en reportes sin geometría catastral","2026-06-03"
"PR080392",NA,NA,"Detectado en reportes sin geometría catastral","2026-06-03"
"PR080396",NA,NA,"Detectado en reportes sin geometría catastral","2026-06-03"
"PR080405",NA,NA,"Detectado en reportes sin geometría catastral","2026-06-03"
"PR080413",NA,NA,"Detectado en reportes sin geometría catastral","2026-06-03"
"PR080414",NA,NA,"Detectado en reportes sin geometría catastral","2026-06-03"
"PR080423",NA,NA,"Detectado en reportes sin geometría catastral","2026-06-03"
"PR080434",NA,NA,"Detectado en reportes sin geometría catastral","2026-06-03"
"PR080448",NA,NA,"Detectado en reportes sin geometría catastral","2026-06-03"
"PR080467",NA,NA,"Detectado en reportes sin geometría catastral","2026-06-03"
"PR080483",NA,NA,"Detectado en reportes sin geometría catastral","2026-06-03"
"PR080518",NA,NA,"Detectado en reportes sin geometría catastral","2026-06-03"
"PR080519",NA,NA,"Detectado en reportes sin geometría catastral","2026-06-03"
"PR080539",NA,NA,"Detectado en reportes sin geometría catastral","2026-06-03"
"PR080547",NA,NA,"Detectado en reportes sin geometría catastral","2026-06-03"
"PR080551",NA,NA,"Detectado en reportes sin geometría catastral","2026-06-03"
"PR080559",NA,NA,"Detectado en reportes sin geometría catastral","2026-06-03"
"PR080572",NA,NA,"Detectado en reportes sin geometría catastral","2026-06-03"
"PR080579",NA,NA,"Detectado en reportes sin geometría catastral","2026-06-03"
"PR080586",NA,NA,"Detectado en reportes sin geometría catastral","2026-06-03"
"PR080596",NA,NA,"Detectado en reportes sin geometría catastral","2026-06-03"
"PR080601",NA,NA,"Detectado en reportes sin geometría catastral","2026-06-03"
"PR080605",NA,NA,"Detectado en reportes sin geometría catastral","2026-06-03"
"PR080641",NA,NA,"Detectado en reportes sin geometría catastral","2026-06-03"
"PR080645",NA,NA,"Detectado en reportes sin geometría catastral","2026-06-03"
"PR080653",NA,NA,"Detectado en reportes sin geometría catastral","2026-06-03"
"PR080655",NA,NA,"Detectado en reportes sin geometría catastral","2026-06-03"
"PR080656",NA,NA,"Detectado en reportes sin geometría catastral","2026-06-03"
"PR080657",NA,NA,"Detectado en reportes sin geometría catastral","2026-06-03"
"PR080658",NA,NA,"Detectado en reportes sin geometría catastral","2026-06-03"
"PR080659",NA,NA,"Detectado en reportes sin geometría catastral","2026-06-03"
"PR080661",NA,NA,"Detectado en reportes sin geometría catastral","2026-06-03"
"PR080663",NA,NA,"Detectado en reportes sin geometría catastral","2026-06-03"
"PR080664",NA,NA,"Detectado en reportes sin geometría catastral","2026-06-03"
"PR080683",NA,NA,"Detectado en reportes sin geometría catastral","2026-06-03"
"PR080684",NA,NA,"Detectado en reportes sin geometría catastral","2026-06-03"
"PR080691",NA,NA,"Detectado en reportes sin geometría catastral","2026-06-03"
"PR080695",NA,NA,"Detectado en reportes sin geometría catastral","2026-06-03"
"PR080698",NA,NA,"Detectado en reportes sin geometría catastral","2026-06-03"
"PR080714",NA,NA,"Detectado en reportes sin geometría catastral","2026-06-03"
"PR080731",NA,NA,"Detectado en reportes sin geometría catastral","2026-06-03"
"PR080812",NA,NA,"Detectado en reportes sin geometría catastral","2026-06-03"
"PR080941",NA,NA,"Detectado en reportes sin geometría catastral","2026-06-03"
"PR080978",NA,NA,"Detectado en reportes sin geometría catastral","2026-06-03"
"PR081002",NA,NA,"Detectado en reportes sin geometría catastral","2026-06-03"
"PR081030",NA,NA,"Detectado en reportes sin geometría catastral","2026-06-03"
"PR081033",NA,NA,"Detectado en reportes sin geometría catastral","2026-06-03"
"PR081044",NA,NA,"Detectado en reportes sin geometría catastral","2026-06-03"
"PR081048",NA,NA,"Detectado en reportes sin geometría catastral","2026-06-03"
"PR081051",NA,NA,"Detectado en reportes sin geometría catastral","2026-06-03"
"PR081052",NA,NA,"Detectado en reportes sin geometría catastral","2026-06-03"
"PR081058",NA,NA,"Detectado en reportes sin geometría catastral","2026-06-03"
"PR081077",NA,NA,"Detectado en reportes sin geometría catastral","2026-06-03"
"PR081099",NA,NA,"Detectado en reportes sin geometría catastral","2026-06-03"
"PR081104",NA,NA,"Detectado en reportes sin geometría catastral","2026-06-03"
"PR081107",NA,NA,"Detectado en reportes sin geometría catastral","2026-06-03"
"PR081108",NA,NA,"Detectado en reportes sin geometría catastral","2026-06-03"
"PR081116",NA,NA,"Detectado en reportes sin geometría catastral","2026-06-03"
"PR081117",NA,NA,"Detectado en reportes sin geometría catastral","2026-06-03"
"PR081175",NA,NA,"Detectado en reportes sin geometría catastral","2026-06-03"
"PR081182",NA,NA,"Detectado en reportes sin geometría catastral","2026-06-03"
"PR081252",NA,NA,"Detectado en reportes sin geometría catastral","2026-06-03"
"PR081292",NA,NA,"Detectado en reportes sin geometría catastral","2026-06-03"
"PR081384",NA,NA,"Detectado en reportes sin geometría catastral","2026-06-03"
"PR081385",NA,NA,"Detectado en reportes sin geometría catastral","2026-06-03"
"PR081386",NA,NA,"Detectado en reportes sin geometría catastral","2026-06-03"
"PR081390",NA,NA,"Detectado en reportes sin geometría catastral","2026-06-03"
"PR081398",NA,NA,"Detectado en reportes sin geometría catastral","2026-06-03"
"PR081455",NA,NA,"Detectado en reportes sin geometría catastral","2026-06-03"
"PR081467",NA,NA,"Detectado en reportes sin geometría catastral","2026-06-03"
"PR081484",NA,NA,"Detectado en reportes sin geometría catastral","2026-06-03"
"PR081485",NA,NA,"Detectado en reportes sin geometría catastral","2026-06-03"
"PR081486",NA,NA,"Detectado en reportes sin geometría catastral","2026-06-03"
"PR081545",NA,NA,"Detectado en reportes sin geometría catastral","2026-06-03"
"PR081581",NA,NA,"Detectado en reportes sin geometría catastral","2026-06-03"
"PR081677",NA,NA,"Detectado en reportes sin geometría catastral","2026-06-03"
"PR081678",NA,NA,"Detectado en reportes sin geometría catastral","2026-06-03"
"PR081679",NA,NA,"Detectado en reportes sin geometría catastral","2026-06-03"
"PR082502",NA,NA,"Detectado en reportes sin geometría catastral","2026-06-03"
"PR082503",NA,NA,"Detectado en reportes sin geometría catastral","2026-06-03"
"PR082504",NA,NA,"Detectado en reportes sin geometría catastral","2026-06-03"
"PR082507",NA,NA,"Detectado en reportes sin geometría catastral","2026-06-03"
"PR082516",NA,NA,"Detectado en reportes sin geometría catastral","2026-06-03"
"PR082518",NA,NA,"Detectado en reportes sin geometría catastral","2026-06-03"
"PR082524",NA,NA,"Detectado en reportes sin geometría catastral","2026-06-03"
"PR082527",NA,NA,"Detectado en reportes sin geometría catastral","2026-06-03"
"PR082528",NA,NA,"Detectado en reportes sin geometría catastral","2026-06-03"
"PR082529",NA,NA,"Detectado en reportes sin geometría catastral","2026-06-03"
"PR082533",NA,NA,"Detectado en reportes sin geometría catastral","2026-06-03"
"PR082537",NA,NA,"Detectado en reportes sin geometría catastral","2026-06-03"
"PR082538",NA,NA,"Detectado en reportes sin geometría catastral","2026-06-03"
"PR082539",NA,NA,"Detectado en reportes sin geometría catastral","2026-06-03"
"PR082540",NA,NA,"Detectado en reportes sin geometría catastral","2026-06-03"
"PR082541",NA,NA,"Detectado en reportes sin geometría catastral","2026-06-03"
"PR082543",NA,NA,"Detectado en reportes sin geometría catastral","2026-06-03"
"PR082546",NA,NA,"Detectado en reportes sin geometría catastral","2026-06-03"
"PR082548",NA,NA,"Detectado en reportes sin geometría catastral","2026-06-03"
"PR082560",NA,NA,"Detectado en reportes sin geometría catastral","2026-06-03"
"RP001472",NA,NA,"Detectado en reportes sin geometría catastral","2026-06-03"
"RP0C1120",NA,NA,"Detectado en reportes sin geometría catastral","2026-06-03"
"RP0C1145",NA,NA,"Detectado en reportes sin geometría catastral","2026-06-03"
"RP0C1146",NA,NA,"Detectado en reportes sin geometría catastral","2026-06-03"
"RP0C1244",NA,NA,"Detectado en reportes sin geometría catastral","2026-06-03"
"RP0C1336",NA,NA,"Detectado en reportes sin geometría catastral","2026-06-03"
"RP0C1340",NA,NA,"Detectado en reportes sin geometría catastral","2026-06-03"
"RP0C1350",NA,NA,"Detectado en reportes sin geometría catastral","2026-06-03"
"RP0C1386",NA,NA,"Detectado en reportes sin geometría catastral","2026-06-03"
"RP0C1416",NA,NA,"Detectado en reportes sin geometría catastral","2026-06-03"
"RP0C1526",NA,NA,"Detectado en reportes sin geometría catastral","2026-06-03"
"RP0C1566",NA,NA,"Detectado en reportes sin geometría catastral","2026-06-03"
"RP0C1584",NA,NA,"Detectado en reportes sin geometría catastral","2026-06-03"
"RP0C1617",NA,NA,"Detectado en reportes sin geometría catastral","2026-06-03"
"RP0C1622",NA,NA,"Detectado en reportes sin geometría catastral","2026-06-03"
"RP0C1676",NA,NA,"Detectado en reportes sin geometría catastral","2026-06-03"
"RP0C1813",NA,NA,"Detectado en reportes sin geometría catastral","2026-06-03"
"RP0C3102",NA,NA,"Detectado en reportes sin geometría catastral","2026-06-03"
"RP0C3105",NA,NA,"Detectado en reportes sin geometría catastral","2026-06-03"
"RP0C3106",NA,NA,"Detectado en reportes sin geometría catastral","2026-06-03"
