"cod_hda_key","fecha_visita","radicado","hda_label","ingenio_full","municipio","corregimiento","coordenadas","categoria_alerta","boletin_n"
"CA_010014",NA,NA,"MONTEPALO_010014","INCAUCA","Florida","Chococito","3.2903, -76.2621","Alerta Inminente","6, 7"
"CA_010110",NA,NA,"EL EDEN_010110","INCAUCA","Candelaria","San Joaquin","3.3565, -76.4391","Alerta Boletín Histórico","2, 3"
"CA_010139",NA,NA,"EL REFUGIO 1, 2 Y 3_010139","INCAUCA","Florida","Chococito","3.287, -76.2905","Alerta Inminente + Focalización Operativa","7"
"CA_010141",NA,NA,"PERODIAS  YOLANDA_010141","INCAUCA","Florida","El Remolino","3.304, -76.2599","Alerta Inminente + Focalización Operativa + Top 10 Regional","7"
"CA_010250",NA,NA,"EL COFRE CASASFRANCO_010250","INCAUCA","Candelaria","Cabuyal","3.3261, -76.3298","Alerta Boletín Histórico + Focalización Operativa","5, 6"
"CA_010252",NA,NA,"PERODIAS DORIS_010252","INCAUCA","Florida","El Remolino","3.3012, -76.2539","Alerta Inminente + Focalización Operativa","6, 7"
"CA_010303",NA,NA,"LIBERIA_010303","INCAUCA","Candelaria","Villa Gorgona","3.3869, -76.3816","Alerta Boletín Histórico","2"
"CA_010356",NA,NA,"LA PALOMERA_010356","INCAUCA","Candelaria","Cabuyal","3.3037, -76.3255","Alerta Inminente","6, 7"
"CA_010451",NA,NA,"LA MARAVILLOSA_010451","INCAUCA","Florida","Tarragona","3.2856, -76.3198","Alerta Inminente","7"
"CA_010494",NA,NA,"EL ROSAL_010494","INCAUCA","Florida","El Remolino","3.3177, -76.2801","Alerta Boletín Histórico","4"
"CA_010545",NA,NA,"ARANJUEZ 2_010545","INCAUCA","Candelaria","El Tiple","3.3364, -76.4046","Alerta Inminente","5, 7"
"CA_010749",NA,NA,"LA PACHITA_010749","INCAUCA",NA,NA,"3.283, -76.3401","Focalización Operativa","7"
"CA_010798",NA,NA,"MONTECARLO_010798","INCAUCA","Florida","Chococito","3.2936, -76.3028","Alerta Inminente","5, 7"
"CA_010985",NA,NA,"LA ESPERANZA OLAYA_010985","INCAUCA","Candelaria","Madrevieja","3.44, -76.3422","Alerta Boletín Histórico + Alerta Inminente","4, 5"
"CA_011037","2025-09-02","2025-RAD-12345","FLORENCIA LUIS_011037","INCAUCA","Candelaria","El Lauro","3.453, -76.4273","Auditoría Manual",""
"CA_011207",NA,NA,"ESPERANZA AMALFI_011207","INCAUCA","Candelaria","El Tiple","3.3614, -76.4253","Alerta Boletín Histórico","2, 3"
"CA_011947",NA,NA,"CANTARRANA TUMACO_011947","INCAUCA","Palmira","Matapalo","3.5761, -76.4312","Alerta Boletín Histórico","2, 3, 4"
"CA_011948",NA,NA,"SAN PABLO TUMACO_011948","INCAUCA","Palmira","Guanabanal","3.4894, -76.433","Alerta Inminente + Focalización Operativa","5, 6, 7"
"CA_012016",NA,NA,"EDEN ALFREDO_012016","INCAUCA","Candelaria","San Joaquin","3.3562, -76.4335","Alerta Boletín Histórico","4"
"CA_012241",NA,NA,"MADRONAL  PALENQUE_012241","INCAUCA","Candelaria","Cabuyal","3.3329, -76.383","Alerta Inminente + Focalización Operativa + Top 10 Regional","6, 7"
"CB_000007",NA,NA,"PALACE_007","LA CABAÑA","Florida","Chococito","3.2917, -76.2877","Alerta Inminente","7"
"CB_000107",NA,NA,"MADRE VIEJA LOPEZ OCHOA_107","LA CABAÑA","Candelaria","Madrevieja","3.452, -76.3123","Focalización Operativa","2"
"CB_000751",NA,NA,"RIO FRAYLE_751","LA CABAÑA","Florida","El Remolino","3.3291, -76.2585","Alerta Inminente + Focalización Operativa","2, 5, 6, 7"
"CB_000752",NA,NA,"LA INDUSTRIA_752","LA CABAÑA","Florida","San Antonio de los Caballeros","3.3401, -76.2644","Alerta Inminente","7"
"CB_000847",NA,NA,"PERGOLA III_847","LA CABAÑA","Pradera","Parraga","3.3702, -76.2525","Alerta Boletín Histórico + Alerta Inminente","5"
"CB_000849",NA,NA,"ACUARIO_849","LA CABAÑA","Florida","La Diana","3.3592, -76.2232","Alerta Inminente","2, 7"
"CB_000852",NA,NA,"PERGOLA I_852","LA CABAÑA","Florida","La Diana","3.3567, -76.2385","Alerta Inminente","2, 7"
"CB_000853",NA,NA,"VALLECITO_853","LA CABAÑA","Pradera","Bolivar","3.3673, -76.2106","Alerta Inminente","2, 7"
"CB_000B01",NA,NA,"PAPAYAL_B01","LA CABAÑA","Palmira","Bolo - La Italia","3.5031, -76.2656","Alerta Boletín Histórico + Alerta Inminente + Focalización Operativa","2, 3, 4, 5, 6"
"CB_000B02",NA,NA,"LA LINDA_B02","LA CABAÑA","Palmira","Aguaclara","3.4781, -76.2916","Alerta Inminente","3, 4, 7"
"CB_000B04",NA,NA,"PAPAYALITO_B04","LA CABAÑA","Palmira","Aguaclara","3.4975, -76.2753","Alerta Inminente","2, 7"
"CB_000B05",NA,NA,"EL TABLON BAJO_B05","LA CABAÑA","Pradera","Potrerito","3.4312, -76.2356","Alerta Boletín Histórico + Focalización Operativa","5, 6"
"CB_000B07",NA,NA,"EL TABLON ALTO_B07","LA CABAÑA","Pradera","Potrerito","3.4203, -76.2162","Alerta Inminente","5, 7"
"CB_000C38",NA,NA,"ARGENTINA DIES Y LOME_C38","LA CABAÑA","Candelaria","Cabuyal","3.3085, -76.3353","Alerta Boletín Histórico + Focalización Operativa","5, 6"
"CB_000F36",NA,NA,"JOSE LUIS BORRERO_F36","LA CABAÑA","Candelaria","El Tiple","3.3483, -76.4143","Alerta Boletín Histórico","5, 6"
"CC_000103",NA,NA,"AVELINA INDUSTRIAL_0103","CENTRAL CASTILLA","Pradera","Parraga","3.3668, -76.2823","Alerta Boletín Histórico","6"
"CC_000108",NA,NA,"CASTILLA ORGANICA_0108","CENTRAL CASTILLA","Pradera","La Tupia","3.3724, -76.2904","Focalización Operativa","2"
"CC_000137",NA,NA,"MANANTIAL_2137","CENTRAL CASTILLA","Pradera","La Floresta","3.3987, -76.2327","Alerta Inminente + Focalización Operativa","7"
"CC_000201",NA,NA,"LA LEONA_0201","CENTRAL CASTILLA","Pradera","Potrerito","3.43, -76.2385","Alerta Boletín Histórico + Focalización Operativa","3, 4, 5, 6"
"CC_000203",NA,NA,"PARRAGA A._0203","CENTRAL CASTILLA","Pradera","Parraga","3.358, -76.2707","Alerta Boletín Histórico","4"
"CC_000212",NA,NA,"LA RUIZA_0212","CENTRAL CASTILLA","Pradera","La Ruiza","3.4551, -76.2104","Alerta Boletín Histórico","2"
"CC_000260",NA,NA,"PORVENIR LOPEZ_0260","CENTRAL CASTILLA","Pradera","Bolo - Hartonal","3.4285, -76.2516","Alerta Inminente + Focalización Operativa","5, 6, 7"
"CC_000409",NA,NA,"REY I_0409","CENTRAL CASTILLA","Florida","El Pedregal","3.3244, -76.2205","Alerta Boletín Histórico","2, 3, 4"
"CC_000412",NA,NA,"YUNDE_0412","CENTRAL CASTILLA","Candelaria","El Lauro","3.4442, -76.3985","Alerta Boletín Histórico","2"
"CC_000413",NA,NA,"RETIRO_0413","CENTRAL CASTILLA","Palmira","Guanabanal","3.4714, -76.4158","Alerta Inminente","7"
"CC_000434",NA,NA,"SARITA_0434","CENTRAL CASTILLA","Pradera","Lomitas","3.3932, -76.2181","Focalización Operativa + Alerta Boletín Histórico + Alerta Inminente","2, 3, 4, 5, 6"
"CC_000436",NA,NA,"MONASTIR_0436","CENTRAL CASTILLA","Pradera","La Granja","3.3952, -76.2265","Alerta Boletín Histórico + Focalización Operativa","5, 6"
"CC_000445",NA,NA,"ATENAS_0445","CENTRAL CASTILLA","Florida","La Diana","3.3452, -76.2339","Alerta Inminente","5, 7"
"CC_000447",NA,NA,"ATENAS 1_0447","CENTRAL CASTILLA","Florida","La Diana","3.3436, -76.2462","Alerta Inminente + Focalización Operativa + Top 10 Regional","4, 6, 7"
"CC_000448",NA,NA,"MARGARITAS_0448","CENTRAL CASTILLA","Candelaria","San Joaquin","3.3851, -76.4176","Alerta Inminente + Focalización Operativa","3, 4, 5, 6, 7"
"CC_000453",NA,NA,"IND. DORIS_0453","CENTRAL CASTILLA","Florida","San Antonio de los Caballeros","3.3614, -76.2513","Alerta Inminente + Focalización Operativa","7"
"CC_000466",NA,NA,"LOS RANCHOS_0466","CENTRAL CASTILLA","Florida","La Diana","3.3461, -76.2172","Alerta Inminente","7"
"CC_000484",NA,NA,"WATERLOO_0484","CENTRAL CASTILLA","Florida","La Diana","3.3419, -76.2385","Focalización Operativa + Alerta Inminente","5, 6"
"CC_000513",NA,NA,"LA FRIA_0513","CENTRAL CASTILLA","Pradera","Bolivar","3.3817, -76.2134","Alerta Boletín Histórico","2"
"CC_000546",NA,NA,"LUCERNA OSCAR_0546","CENTRAL CASTILLA","Florida","El Remolino","3.3173, -76.2721","Alerta Inminente","4, 7"
"CC_000570",NA,NA,"EL CUBO 1_0570","CENTRAL CASTILLA","Pradera","La Granja","3.378, -76.2547","Alerta Inminente + Focalización Operativa","7"
"CC_000574",NA,NA,"TIERRA MEDIA_0574","CENTRAL CASTILLA","Florida","El Remolino","3.3064, -76.2729","Alerta Inminente","4, 7"
"CC_000619",NA,NA,"DELIRIO_0619","CENTRAL CASTILLA","Pradera","La Floresta","3.4171, -76.2212","Alerta Boletín Histórico","3, 4"
"CC_000620",NA,NA,"TESORITO_0620","CENTRAL CASTILLA","Candelaria","Madrevieja","3.4544, -76.3063","Alerta Boletín Histórico","2, 3"
"CC_000637",NA,NA,"LA CLARA_0637","CENTRAL CASTILLA",NA,NA,"3.2795, -76.2574","Focalización Operativa","3, 4, 5, 6, 7"
"CC_000672",NA,NA,"LIBANO 2_0672","CENTRAL CASTILLA","Pradera","La Granja","3.388, -76.2612","Alerta Boletín Histórico","3, 4"
"CC_000676",NA,NA,"MAYAPAN_0676","CENTRAL CASTILLA","Pradera","La Granja","3.3937, -76.2371","Alerta Boletín Histórico + Focalización Operativa","5, 6"
"CC_000682",NA,NA,"REGINA 3_0682","CENTRAL CASTILLA","Candelaria","La Regina","3.3658, -76.3179","Alerta Inminente","2, 3, 7"
"CC_000684",NA,NA,"BALSILLA_0684","CENTRAL CASTILLA","Florida","El Remolino","3.3162, -76.2508","Alerta Inminente","2, 5, 6, 7"
"CC_000687",NA,NA,"SAN RAFAEL H._0687","CENTRAL CASTILLA","Florida","El Libano","3.3027, -76.2272","Alerta Inminente","5, 7"
"CC_000703",NA,NA,"TIERRA GRATA_0703","CENTRAL CASTILLA","Florida","El Remolino","3.3063, -76.2699","Alerta Inminente + Focalización Operativa + Top 10 Regional","3, 4, 5, 6, 7"
"CC_000706",NA,NA,"ARADO 2_0706","CENTRAL CASTILLA","Pradera","La Floresta","3.4071, -76.2529","Alerta Boletín Histórico + Focalización Operativa","5, 6"
"CC_000724",NA,NA,"EL CUBO_0724","CENTRAL CASTILLA","Pradera","La Floresta","3.3915, -76.2418","Alerta Inminente + Focalización Operativa","5, 7"
"CC_000725",NA,NA,"LA ESTRELLA_0725","CENTRAL CASTILLA","Florida","Santa Rosa","3.2818, -76.233","Alerta Boletín Histórico + Focalización Operativa + Ficha Técnica Regional","2, 3, 4, 5, 6"
"CC_000732",NA,NA,"REFUGIO ATENAS_0732","CENTRAL CASTILLA","Florida","La Diana","3.3479, -76.2244","Alerta Inminente","6, 7"
"CC_000747",NA,NA,"EL COFRE_0747","CENTRAL CASTILLA","Pradera","La Granja","3.3825, -76.2621","Alerta Inminente + Focalización Operativa","5, 7"
"CC_000761",NA,NA,"LA FLORESTA_0761","CENTRAL CASTILLA","Pradera","La Floresta","3.4204, -76.2313","Alerta Boletín Histórico + Focalización Operativa","5, 6"
"CC_000768",NA,NA,"PISAMOS_0768","CENTRAL CASTILLA","Florida","Chococito","3.2973, -76.2359","Alerta Inminente","2, 3, 7"
"CC_000780",NA,NA,"BELGICA_0780","CENTRAL CASTILLA","Florida","El Remolino","3.2986, -76.2879","Alerta Inminente","7"
"CC_000784",NA,NA,"REY 2_0784","CENTRAL CASTILLA","Florida","La Diana","3.324, -76.2109","Alerta Inminente","3, 4, 7"
"CC_002105",NA,NA,"SAN RAFAEL_2105","CENTRAL CASTILLA","Pradera","La Tupia","3.3947, -76.2996","Alerta Boletín Histórico","2"
"CC_002110",NA,NA,"CALANDA_2110","CENTRAL CASTILLA","Florida","El Remolino","3.3219, -76.2814","Alerta Boletín Histórico","2"
"ML_000203",NA,NA,"LA SEXTA_000203","MARIA LUISA","Candelaria","Madrevieja","3.4341, -76.3429","Alerta Inminente","4, 7"
"ML_000204",NA,NA,"LA GUACA I_000204","MARIA LUISA","Candelaria","Arenal","3.4038, -76.3529","Alerta Boletín Histórico + Focalización Operativa","5, 6"
"ML_000206",NA,NA,"LA GUACA II_000206","MARIA LUISA","Candelaria","Arenal","3.4089, -76.3665","Alerta Inminente","7"
"ML_000207",NA,NA,"LA GUACA III_000207","MARIA LUISA","Candelaria","El Lauro","3.4113, -76.3735","Alerta Boletín Histórico + Focalización Operativa","4, 5, 6"
"ML_000502",NA,NA,"INGENIO_000502","MARIA LUISA","Florida","San Antonio de los Caballeros","3.3395, -76.282","Focalización Operativa + Alerta Inminente + Ficha Técnica Regional","2, 3, 4, 5, 6"
"ML_000503",NA,NA,"CENTRO_000503","MARIA LUISA","Florida","San Antonio de los Caballeros","3.3333, -76.2729","Alerta Inminente + Focalización Operativa","2, 3, 4"
"ML_000504",NA,NA,"LA ISLA_000504","MARIA LUISA","Florida","El Remolino","3.3305, -76.2903","Alerta Inminente","6, 7"
"ML_000505",NA,NA,"MOSCU_000505","MARIA LUISA","Florida","El Remolino","3.3514, -76.3033","Alerta Inminente","4, 5, 7"
"ML_000506",NA,NA,"REMOLINOS_000506","MARIA LUISA","Florida","El Remolino","3.3238, -76.3035","Alerta Inminente","2, 3, 4, 5, 7"
"MN_000002",NA,NA,"PORVENIR_002","MANUELITA","Palmira","Boyaca","3.6114, -76.2618","Alerta Boletín Histórico + Focalización Operativa + Ficha Técnica Regional","2, 3, 4, 5, 6"
"MN_000003",NA,NA,"RITA_003","MANUELITA","Palmira","Zamorano","3.5774, -76.266","Alerta Inminente","2"
"MN_000004",NA,NA,"GERTRUDIS_004","MANUELITA","Palmira","Amaime","3.5934, -76.2834","Alerta Boletín Histórico + Focalización Operativa + Ficha Técnica Regional","2, 3, 4, 5, 6"
"MN_000005",NA,NA,"ROSARIO_005","MANUELITA","Palmira","Amaime","3.5884, -76.2981","Alerta Inminente","2, 7"
"MN_000008",NA,NA,"CASCAJAL_008","MANUELITA","Palmira","Zamorano","3.5653, -76.3126","Alerta Inminente","2, 3, 4, 5, 6, 7"
"MN_000009",NA,NA,"HACIENDA REAL_009","MANUELITA","Palmira","Rozo","3.5968, -76.3291","Focalización Operativa","2"
"MN_000010",NA,NA,"OLGA_010","MANUELITA","Palmira","Rozo","3.6139, -76.3587","Alerta Inminente + Focalización Operativa","5, 7"
"MN_000011",NA,NA,"SOLEDAD 4_011","MANUELITA","Palmira","Rozo","3.6108, -76.3771","Alerta Boletín Histórico + Alerta Inminente","5"
"MN_000015",NA,NA,"ABROJAL_015","MANUELITA","Palmira","Obando","3.5929, -76.3728","Alerta Boletín Histórico + Focalización Operativa","4, 5, 6"
"MN_000051",NA,NA,"LISBOA_051","MANUELITA","Palmira","Guanabanal","3.4976, -76.4188","Alerta Boletín Histórico","2, 3"
"MN_000065",NA,NA,"POMA SUERTES 11 y 11A_065","MANUELITA","Palmira","Obando","3.5626, -76.3757","Alerta Boletín Histórico","2, 3"
"MN_000070",NA,NA,"FLORENCIA MEJIA SUERTE 3_070","MANUELITA","Candelaria","El Carmelo","3.4438, -76.4327","Alerta Boletín Histórico","4"
"MN_000074",NA,NA,"CASABCA/DOLORES_074","MANUELITA","Palmira","Juanchito","3.4853, -76.4658","Alerta Inminente","3, 4, 5, 6, 7"
"MN_000078",NA,NA,"MIRAFLORES 4_078","MANUELITA","Palmira","Matapalo","3.5783, -76.4378","Alerta Boletín Histórico","4"
"MN_000110",NA,NA,"AGUA CLARA ALFREDO_110","MANUELITA","Palmira","Aguaclara","3.5028, -76.2494","Alerta Boletín Histórico","3, 4"
"MN_000118",NA,NA,"DUNKERQUE_118","MANUELITA","Candelaria","El Tiple","3.359, -76.4556","Alerta Inminente","7"
"MN_000119",NA,NA,"SAN MIGUEL_119","MANUELITA","Candelaria","El Carmelo","3.3981, -76.4267","Alerta Inminente + Focalización Operativa","5, 6"
"MN_000137",NA,NA,"LOMITAS_137","MANUELITA","Palmira","Coronado","3.5587, -76.3064","Alerta Inminente","6, 7"
"MN_000300",NA,NA,"SAN JOSE_300","MANUELITA","Palmira","Aguaclara","3.5119, -76.2651","Focalización Operativa + Alerta Boletín Histórico + Alerta Inminente + Ficha Técnica Regional","2, 3, 4, 5, 6"
"MN_000303",NA,NA,"CONCEPCION_303","MANUELITA","Palmira","Amaime","3.5936, -76.2971","Alerta Boletín Histórico","5, 6"
"MN_000305",NA,NA,"REFLEJO_305","MANUELITA","El Cerrito","San Antonio","3.6715, -76.3745","Focalización Operativa","3, 4, 5, 6, 7"
"MN_000314",NA,NA,"LOTE RODRIGUEZ_314","MANUELITA","Palmira","Bolo - La Italia","3.5139, -76.2754","Alerta Boletín Histórico","2, 3"
"MN_000320",NA,NA,"CORBATA_320","MANUELITA","Palmira","Caucaseco","3.5489, -76.4831","Alerta Boletín Histórico + Alerta Inminente","5"
"MN_000326",NA,NA,"MALIMBU_326","MANUELITA","Palmira","La Herradura","3.5418, -76.3417","Alerta Boletín Histórico","2"
"MN_000341",NA,NA,"BARRANCAS  MANUEL FELIPE_341","MANUELITA","Palmira","Barrancas","3.5449, -76.2324","Alerta Inminente","7"
"MN_000343",NA,NA,"GUAGUYA_343","MANUELITA","Palmira","La Acequia","3.6505, -76.415","Alerta Boletín Histórico","2"
"MN_000346",NA,NA,"SOCORRO 3_346","MANUELITA","Palmira","Coronado","3.5523, -76.334","Alerta Inminente","5, 7"
"MN_000347",NA,NA,"SANTA ROSA_347","MANUELITA","Palmira","Tienda Nueva","3.586, -76.2489","Alerta Inminente + Focalización Operativa","7"
"MN_000359",NA,NA,"JOSEPILLA_359","MANUELITA","Palmira","Obando","3.5587, -76.4016","Alerta Inminente + Focalización Operativa","7"
"MN_000362",NA,NA,"ORIENTE_362","MANUELITA","Palmira","Guayabal","3.5584, -76.2593","Alerta Inminente + Focalización Operativa","2, 5, 7"
"MN_000367",NA,NA,"GERMANIA_367","MANUELITA","Palmira","Barrancas","3.5338, -76.2394","Alerta Inminente + Focalización Operativa + Top 10 Regional","3, 4, 5, 6, 7"
"MN_000371",NA,NA,"SOLEDAD 1_371","MANUELITA","Palmira","Rozo","3.5962, -76.3712","Alerta Boletín Histórico","5"
"MN_000376",NA,NA,"DOS CEIBAS_376","MANUELITA","Palmira","Palmaseca","3.5027, -76.4412","Alerta Inminente","7"
"MN_000384",NA,NA,"VICTORIA 1_384","MANUELITA","Palmira","Juanchito","3.4824, -76.4624","Alerta Inminente + Focalización Operativa","3, 4"
"MN_000422",NA,NA,"SAN ANTONIO REYESNELSON_422","MANUELITA","Palmira","La Herradura","3.5427, -76.3363","Alerta Inminente","5, 7"
"MN_000434",NA,NA,"EDEN VILLEGAS_434","MANUELITA","Candelaria","San Joaquin","3.3608, -76.4359","Alerta Boletín Histórico","2"
"MN_000442",NA,NA,"SAN JOAQUIN_442","MANUELITA","El Cerrito","San Antonio","3.6677, -76.3456","Alerta Boletín Histórico","3, 4"
"MN_000443",NA,NA,"SANTA MARTHA SARDI_443","MANUELITA","Candelaria","El Lauro","3.438, -76.3892","Alerta Inminente","4, 7"
"MN_000460",NA,NA,"EL ARADO_460","MANUELITA","Pradera","La Floresta","3.4133, -76.2491","Alerta Inminente + Focalización Operativa","3, 4, 5, 6, 7"
"MN_000475",NA,NA,"BELEN CUCALON_475","MANUELITA","Palmira","Zamorano","3.5537, -76.2822","Alerta Boletín Histórico","2, 3, 4"
"MN_000476",NA,NA,"LA HERRADURA_476","MANUELITA","Palmira","Coronado","3.5459, -76.3439","Alerta Boletín Histórico","4"
"MN_000741",NA,NA,"SANTA CLARA_741","MANUELITA","Candelaria","Madrevieja","3.4644, -76.2906","Alerta Inminente","2, 7"
"MN_000768",NA,NA,"LOTE NAYI_768","MANUELITA","Palmira","Juanchito","3.4837, -76.4583","Alerta Boletín Histórico","2, 3"
"MN_000796",NA,NA,"CONCORDIA_796","MANUELITA","Pradera","La Floresta","3.4003, -76.2457","Alerta Inminente + Focalización Operativa","5, 6, 7"
"MN_000940",NA,NA,"CHONDULAR_940","MANUELITA","Candelaria","El Lauro","3.4509, -76.3632","Alerta Boletín Histórico + Focalización Operativa","5, 6"
"MY_000001",NA,NA,"Santa Fe_1","MAYAGÜEZ","Candelaria","Madrevieja","3.4113, -76.3199","Alerta Inminente + Focalización Operativa","3, 4"
"MY_000002",NA,NA,"La Argelia_2","MAYAGÜEZ","Pradera","La Floresta","3.4067, -76.2308","Alerta Boletín Histórico","3, 4"
"MY_000004",NA,NA,"La Magnolia_4","MAYAGÜEZ","Candelaria","El Tiple","3.3327, -76.3929","Alerta Inminente","3, 4, 5, 7"
"MY_000008",NA,NA,"La Linda_8","MAYAGÜEZ","Pradera","La Tupia","3.4145, -76.2838","Focalización Operativa + Alerta Boletín Histórico","3, 4"
"MY_000010",NA,NA,"MayagA?ez_10","MAYAGÜEZ","Candelaria","Madrevieja","3.3991, -76.3219","Alerta Inminente","5, 7"
"MY_000012",NA,NA,"San Rafael_12","MAYAGÜEZ","Pradera","La Tupia","3.3862, -76.3224","Alerta Boletín Histórico","2"
"MY_000014",NA,NA,"Zainera_14","MAYAGÜEZ","Candelaria","Madrevieja","3.4186, -76.3142","Alerta Inminente + Focalización Operativa","7"
"MY_000015",NA,NA,"La Camelia_15","MAYAGÜEZ","Pradera","La Tupia","3.4084, -76.3105","Focalización Operativa + Alerta Boletín Histórico","3, 4"
"MY_000016",NA,NA,"Balsora_16","MAYAGÜEZ","Candelaria","Madrevieja","3.4372, -76.3095","Alerta Inminente","2"
"MY_000017",NA,NA,"La Colombiana_17","MAYAGÜEZ","Candelaria","Arenal","3.3949, -76.3407","Alerta Inminente","7"
"MY_000018",NA,NA,"El Cofre_18","MAYAGÜEZ","Candelaria","La Regina","3.3839, -76.3437","Alerta Boletín Histórico + Focalización Operativa","2, 3, 4, 5, 6"
"MY_000027",NA,NA,"Venecia_27","MAYAGÜEZ","Pradera","La Tupia","3.4205, -76.3076","Alerta Boletín Histórico","2"
"MY_000028",NA,NA,"Rivera_28","MAYAGÜEZ","Candelaria","Madrevieja","3.4241, -76.3307","Alerta Boletín Histórico","4"
"MY_000029",NA,NA,"Alvaro Reyes_29","MAYAGÜEZ","Candelaria","Madrevieja","3.4355, -76.3477","Alerta Inminente + Focalización Operativa","6, 7"
"MY_000032",NA,NA,"Arauca_32","MAYAGÜEZ","Florida","Tarragona","3.2941, -76.3382","Alerta Inminente + Focalización Operativa","3, 4, 5, 6, 7"
"MY_000036",NA,NA,"Potrero de PA rraga_36","MAYAGÜEZ","Candelaria","Arenal","3.3853, -76.3497","Focalización Operativa","5"
"MY_000047",NA,NA,"Escocia_47","MAYAGÜEZ","Candelaria","Arenal","3.3751, -76.3494","Alerta Boletín Histórico","3, 4"
"MY_000048",NA,NA,"El Arenal_48","MAYAGÜEZ","Candelaria","Arenal","3.39, -76.355","Alerta Inminente + Focalización Operativa + Top 10 Regional","3, 4, 5, 6, 7"
"MY_000049",NA,NA,"San Josa?s_49","MAYAGÜEZ","Candelaria","San Joaquin","3.3929, -76.4235","Alerta Boletín Histórico + Alerta Inminente","5, 6"
"MY_000065",NA,NA,"TurA!n_65","MAYAGÜEZ","Candelaria","El Lauro","3.4424, -76.3488","Alerta Boletín Histórico","2, 3"
"MY_000068",NA,NA,"Sincerin_68","MAYAGÜEZ","Candelaria","Cabuyal","3.3318, -76.3331","Alerta Boletín Histórico","2"
"MY_000069",NA,NA,"Calamar_69","MAYAGÜEZ","Candelaria","Cabuyal","3.2898, -76.3653","Alerta Boletín Histórico","2"
"MY_000070",NA,NA,"Primavera_70","MAYAGÜEZ","Candelaria","El Lauro","3.4467, -76.3888","Alerta Boletín Histórico","4"
"MY_000074",NA,NA,"La Guaca_74","MAYAGÜEZ","Candelaria","Arenal","3.3971, -76.3632","Alerta Boletín Histórico","4"
"MY_000078",NA,NA,"Caideal_78","MAYAGÜEZ","Candelaria","Madrevieja","3.4081, -76.3392","Alerta Inminente","4, 5, 7"
"MY_000088",NA,NA,"El Palmar_88","MAYAGÜEZ","Candelaria","El Lauro","3.4734, -76.4163","Alerta Inminente","7"
"MY_000094",NA,NA,"Maloya_94","MAYAGÜEZ","Candelaria","Arenal","3.3967, -76.3504","Alerta Inminente + Focalización Operativa + Top 10 Regional","6, 7"
"MY_000103",NA,NA,"Villa Patricia_103","MAYAGÜEZ","Pradera","La Tupia","3.4012, -76.3115","Alerta Inminente + Focalización Operativa","7"
"MY_000104",NA,NA,"El Rhin_104","MAYAGÜEZ","Florida","San Antonio de los Caballeros","3.3463, -76.2991","Alerta Inminente","7"
"MY_000110",NA,NA,"ChumbA?m_110","MAYAGÜEZ","Pradera","Bolo - Hartonal","3.4143, -76.2678","Alerta Boletín Histórico","3, 4"
"MY_000112",NA,NA,"El Convenio_112","MAYAGÜEZ","Palmira","Bolo - Alizal","3.491, -76.3303","Alerta Inminente","7"
"MY_000114",NA,NA,"Cantarrana_114","MAYAGÜEZ","Palmira","Caucaseco","3.4694, -76.4513","Alerta Inminente","6, 7"
"MY_000116",NA,NA,"La Guaira_116","MAYAGÜEZ","Pradera","La Tupia","3.4274, -76.2944","Alerta Inminente + Focalización Operativa","7"
"MY_000121",NA,NA,"La Troya_121","MAYAGÜEZ","Candelaria","Arenal","3.3917, -76.3601","Alerta Inminente + Focalización Operativa + Top 10 Regional","6, 7"
"MY_000128",NA,NA,"Santa MarA!a_128","MAYAGÜEZ","Candelaria","El Lauro","3.4338, -76.354","Alerta Inminente","6, 7"
"MY_000133",NA,NA,"California Bolo_133","MAYAGÜEZ","Palmira","Bolo - San Isidro","3.4688, -76.3412","Alerta Inminente","3, 4, 7"
"MY_000134",NA,NA,"San Josa?s_134","MAYAGÜEZ","Candelaria","San Joaquin","3.3951, -76.4236","Alerta Boletín Histórico + Alerta Inminente","5, 6"
"MY_000142",NA,NA,"Rio Fraile (Diego DomA!nguez)_142","MAYAGÜEZ","Candelaria","La Regina","3.3459, -76.3146","Alerta Inminente + Focalización Operativa","7"
"MY_000149",NA,NA,"El Waco_149","MAYAGÜEZ","Palmira","Aguaclara","3.4816, -76.2585","Alerta Boletín Histórico","2"
"MY_000160",NA,NA,"Cosacos_160","MAYAGÜEZ","Candelaria","El Lauro","3.4416, -76.3551","Alerta Boletín Histórico","3, 4"
"MY_000163",NA,NA,"La Generala_163","MAYAGÜEZ","Florida","San Antonio de los Caballeros","3.3494, -76.306","Alerta Inminente","2, 3, 6, 7"
"MY_000179",NA,NA,"El Arrastradero - Fernando Calero Campo_179","MAYAGÜEZ","Palmira","Guanabanal","3.4695, -76.434","Alerta Boletín Histórico","2, 3"
"MY_000185",NA,NA,"El Arrastradero - Patricia Calero Campo_185","MAYAGÜEZ","Palmira","Guanabanal","3.4628, -76.4373","Alerta Boletín Histórico","2, 3, 4"
"MY_000187",NA,NA,"Niagara_187","MAYAGÜEZ","Candelaria","San Joaquin","3.3822, -76.427","Alerta Inminente + Focalización Operativa + Top 10 Regional","2, 3, 6, 7"
"MY_000188",NA,NA,"El Nilo - Francisco J. GonzA lez_188","MAYAGÜEZ","Candelaria","Villa Gorgona","3.385, -76.3858","Alerta Inminente","7"
"MY_000195",NA,NA,"Valladolid_195","MAYAGÜEZ","Candelaria","Buchitolo","3.3725, -76.3513","Alerta Inminente","6, 7"
"MY_000207",NA,NA,"Tamboral Borrero_207","MAYAGÜEZ","Pradera","Bolo - Hartonal","3.4367, -76.2598","Alerta Boletín Histórico","3, 4"
"MY_000211",NA,NA,"Las Ama?sricas_211","MAYAGÜEZ","Candelaria","Villa Gorgona","3.404, -76.3769","Alerta Inminente + Focalización Operativa","7"
"MY_000234",NA,NA,"Canarias_234","MAYAGÜEZ","Pradera","La Tupia","3.3896, -76.2882","Alerta Boletín Histórico","4"
"MY_000242",NA,NA,"Zainera Muzzulini_242","MAYAGÜEZ","Candelaria","Madrevieja","3.4212, -76.3226","Alerta Inminente","4, 7"
"MY_000258",NA,NA,"Villa LizA n_258","MAYAGÜEZ","Pradera","La Floresta","3.409, -76.2393","Alerta Boletín Histórico","3, 4"
"MY_000272",NA,NA,"La Chica Gaviria_272","MAYAGÜEZ","Palmira","Caucaseco","3.4878, -76.4506","Alerta Inminente + Focalización Operativa","7"
"MY_000274",NA,NA,"La Casilda_274","MAYAGÜEZ","Florida","El Pedregal","3.3299, -76.2268","Alerta Inminente + Focalización Operativa","3, 4, 5, 6, 7"
"MY_000282",NA,NA,"La Amalia_282","MAYAGÜEZ","Palmira","Juanchito","3.4724, -76.4707","Alerta Boletín Histórico","2, 3"
"MY_000300",NA,NA,"El Uval_300","MAYAGÜEZ","Candelaria","El Lauro","3.4336, -76.3478","Focalización Operativa + Alerta Boletín Histórico","3, 4"
"MY_000302",NA,NA,"Brisuelas_302","MAYAGÜEZ","El Cerrito","Santa Helena","3.6292, -76.2418","Focalización Operativa","2, 3, 4, 5, 6, 7"
"MY_000303",NA,NA,"San Josa?s de Nima_303","MAYAGÜEZ","Palmira","Tienda Nueva","3.5781, -76.2246","Alerta Inminente","5, 7"
"MY_000367",NA,NA,"Las Mercedes_367","MAYAGÜEZ","Candelaria","El Lauro","3.4576, -76.3479","Focalización Operativa + Alerta Boletín Histórico","3, 4"
"MY_000371",NA,NA,"El Progreso_371","MAYAGÜEZ","Candelaria","La Regina","3.3799, -76.3339","Alerta Inminente","5"
"MY_000384",NA,NA,"El Retiro_384","MAYAGÜEZ","Florida","El Remolino","3.305, -76.2805","Alerta Inminente + Focalización Operativa + Top 10 Regional","3, 4, 5, 6, 7"
"MY_000409",NA,NA,"La Leona 1_409","MAYAGÜEZ","Pradera","Bolo - Hartonal","3.4348, -76.2463","Alerta Boletín Histórico + Alerta Inminente","2, 3, 4"
"MY_000417",NA,NA,"La Chica Jaramillo_417","MAYAGÜEZ","Palmira","Guanabanal","3.4842, -76.4398","Alerta Inminente","7"
"MY_000444",NA,NA,"San Marcos_444","MAYAGÜEZ","Candelaria","Cabuyal","3.326, -76.3569","Alerta Inminente","7"
"MY_000448",NA,NA,"El Carmen_448","MAYAGÜEZ","Florida","La Diana","3.335, -76.2281","Alerta Inminente","3, 4, 5, 7"
"MY_000475",NA,NA,"Guales_475","MAYAGÜEZ","Candelaria","El Lauro","3.4186, -76.3999","Alerta Boletín Histórico","2, 3, 4"
"MY_000476",NA,NA,"Las Delicias_476","MAYAGÜEZ","Pradera","Bolo - Hartonal","3.4526, -76.2867","Alerta Boletín Histórico","4"
"MY_000503",NA,NA,"Villa Alicia_503","MAYAGÜEZ","Candelaria","Cabuyal","3.3197, -76.3452","Alerta Inminente + Focalización Operativa","3, 4"
"MY_000574",NA,NA,"Lote Bayer_574","MAYAGÜEZ","Pradera","La Tupia","3.4041, -76.2969","Alerta Boletín Histórico","3, 4"
"MY_000589",NA,NA,"Lote Caicedo_589","MAYAGÜEZ","Candelaria","Cabuyal","3.3263, -76.3396","Alerta Boletín Histórico","2, 3, 4"
"MY_000609",NA,NA,"El Descanso_609","MAYAGÜEZ","Pradera","Bolo - Hartonal","3.4472, -76.2851","Alerta Inminente + Focalización Operativa","5, 6, 7"
"MY_000619",NA,NA,"Jerusala?sn_619","MAYAGÜEZ","Florida","La Diana","3.3345, -76.2109","Alerta Boletín Histórico","3, 4"
"MY_000620",NA,NA,"La Aurora Molina_620","MAYAGÜEZ","Florida","La Diana","3.3516, -76.2108","Alerta Boletín Histórico","2"
"MY_000622",NA,NA,"El Recreo Mayaguez_622","MAYAGÜEZ","Florida","La Diana","3.3301, -76.2085","Alerta Boletín Histórico + Alerta Inminente","5"
"MY_000696",NA,NA,"El Tesoro_696","MAYAGÜEZ","Candelaria","Buchitolo","3.3784, -76.3833","Alerta Inminente","7"
"MY_000714",NA,NA,"Villa Juanis_714","MAYAGÜEZ","Candelaria","Cabuyal","3.3206, -76.3494","Alerta Inminente","5, 7"
"MY_000844",NA,NA,"El Rinconcito_844","MAYAGÜEZ","Pradera","Bolo - Hartonal","3.4667, -76.2801","Alerta Boletín Histórico","4"
"MY_000A07",NA,NA,"Villa Fidela_A07","MAYAGÜEZ","Florida","El Remolino","3.311, -76.3048","Alerta Inminente","7"
"PC_002064",NA,NA,"LOS LAGOS_2064","PICHICHI","Pradera","Bolo - Hartonal","3.4566, -76.2558","Alerta Boletín Histórico","2"
"PC_002281",NA,NA,"GENOVA_2281","PICHICHI","El Cerrito","San Antonio","3.6731, -76.3879","Focalización Operativa","2, 3, 4, 5, 6, 7"
"PC_002493",NA,NA,"HERRAGRICOLA_2493","PICHICHI","Palmira","Palmaseca","3.5201, -76.3533","Alerta Inminente + Focalización Operativa","7"
"PR_080101",NA,NA,"PROVIDENCIA_080101","PROVIDENCIA","El Cerrito","Santa Helena","3.6313, -76.2744","Focalización Operativa","2, 5, 6, 7"
"PR_080102",NA,NA,"LA PAZ_080102","PROVIDENCIA","El Cerrito","Santa Helena","3.645, -76.2835","Focalización Operativa","2, 7"
"PR_080104",NA,NA,"SAMARIA_080104","PROVIDENCIA","El Cerrito","El Placer","3.6182, -76.2884","Focalización Operativa","2, 3, 4, 5, 6, 7"
"PR_080113",NA,NA,"LA ESMERALDA_080113","PROVIDENCIA","El Cerrito","El Placer","3.6234, -76.3034","Alerta Boletín Histórico","2"
"PR_080121",NA,NA,"PIEDECHINCHE_080121","PROVIDENCIA","El Cerrito","Santa Helena","3.6231, -76.2196","Focalización Operativa","2, 7"
"PR_080151",NA,NA,"SAN PABLO AZCARATE_080151","PROVIDENCIA","Palmira","Zamorano","3.5439, -76.2786","Alerta Inminente","7"
"PR_080216",NA,NA,"LA UNION MOLINA_080216","PROVIDENCIA","El Cerrito","San Antonio","3.659, -76.3621","Focalización Operativa","2, 7"
"PR_080355",NA,NA,"LA HOLANDA_080355","PROVIDENCIA","El Cerrito","San Antonio","3.6562, -76.3121","Alerta Boletín Histórico + Focalización Operativa","2, 3, 4, 5, 6"
"PR_080402",NA,NA,"EL ALBION_080402","PROVIDENCIA","El Cerrito","San Antonio","3.6581, -76.3117","Alerta Boletín Histórico + Focalización Operativa","3, 4, 5, 6"
"PR_080435",NA,NA,"TURIN_080435","PROVIDENCIA","El Cerrito","San Antonio","3.6692, -76.3664","Focalización Operativa","3, 4, 5, 6, 7"
"PR_080489",NA,NA,"EL PLACER_080489","PROVIDENCIA","El Cerrito","El Placer","3.6219, -76.2504","Focalización Operativa","3, 4, 5, 6, 7"
"PR_080500",NA,NA,"LA MERCED CABAL HNAS._080500","PROVIDENCIA",NA,NA,"3.6631, -76.3197","Focalización Operativa","5, 7"
"PR_081063",NA,NA,"JOSEPILLA PALMA_081063","PROVIDENCIA","Palmira","La Herradura","3.5354, -76.4215","Alerta Inminente","5, 6, 7"
"PR_081362",NA,NA,"VENECIA INESA_081362","PROVIDENCIA","Palmira","Obando","3.5649, -76.3882","Alerta Boletín Histórico","2, 3"
"PR_081363",NA,NA,"ESPERANZA INESA_081363","PROVIDENCIA","Palmira","Guayabal","3.5434, -76.2618","Alerta Inminente","3, 4, 5, 6, 7"
"PR_081369",NA,NA,"TRANSITO CENTRAL TUMACO_081369","PROVIDENCIA","Palmira","La Herradura","3.5454, -76.3233","Alerta Inminente + Focalización Operativa","5, 6, 7"
"PR_082512",NA,NA,"JOSEPILLA II_082512","PROVIDENCIA","Palmira","Matapalo","3.5462, -76.421","Alerta Inminente + Focalización Operativa","6, 7"
"PR_082531",NA,NA,"LA LINDA_082531","PROVIDENCIA","Palmira","Bolo - La Italia","3.4768, -76.3034","Alerta Inminente","6, 7"
"CC_000694","2026-06-04","RAD-CVC-9999","SAN JACINTO K._0694","CENTRAL CASTILLA","Candelaria","Madrevieja","3.4518, -76.2953","Alerta Inminente","7"
"MY_000030","","","Delicias_30","MAYAGÜEZ","Candelaria","Cabuyal","3.3583, -76.3504","Alerta Inminente","7"
